-- ---------------------- Truncate data of all tables ----------------------
-- DO $$
-- BEGIN
--     EXECUTE (
--         SELECT 'TRUNCATE TABLE ' || string_agg(format('%I.%I', schemaname, tablename), ', ') || ' CASCADE'
--         FROM pg_tables
--         WHERE schemaname = 'public'
--     );
-- END $$;

INSERT INTO public.customers (id, name, color, description, address, company_name, account_number, vat_id, country, currency, timezone, email, phone, homepage, created_at, deleted_at, updated_at) VALUES (1, 'John Doe', '#FF5733', 'VIP customer', '123 Main St, New York, USA', 'Tech Corp', '1234567890', 'VAT123456', 'United States', 'USD', 'America/New_York', 'johndoe@example.com', '1234567890', 'https://johndoe.com', '2025-05-18 17:02:43.707', NULL, '2025-05-18 17:02:43.707');
INSERT INTO public.customers (id, name, color, description, address, company_name, account_number, vat_id, country, currency, timezone, email, phone, homepage, created_at, deleted_at, updated_at) VALUES (2, 'Marrie Curiie', '#ff33be', 'VIP customer', '123 Main St, New York, USA', 'Tech Corp', '1234567890', 'VAT123456', 'United States', 'USD', 'America/New_York', 'marie_curreie@example.com', '2423424234', 'https://johndoe.com', '2025-05-18 17:03:00.896', NULL, '2025-05-26 14:30:01.865');
INSERT INTO public.customers (id, name, color, description, address, company_name, account_number, vat_id, country, currency, timezone, email, phone, homepage, created_at, deleted_at, updated_at) VALUES (3, 'Alan Hashley', '#4bff33', 'VIP customer', '123 Main St, New York, USA', 'Tech Corp', '1234567890', 'VAT123456', 'United States', 'USD', 'America/New_York', 'hashley@example.com', '1023123123', 'https://johndoe.com', '2025-05-26 14:31:28.964', NULL, '2025-05-26 14:31:40');
INSERT INTO public.customers (id, name, color, description, address, company_name, account_number, vat_id, country, currency, timezone, email, phone, homepage, created_at, deleted_at, updated_at) VALUES (4, 'Alice Smith', '#33ffb5', 'Regular customer', '456 Elm St, Los Angeles, USA', 'Alpha Inc', '9876543210', 'VAT654321', 'United States', 'USD', 'America/Los_Angeles', 'alice@example.com', '5551234567', 'https://alice.com', '2025-05-22 10:00:00', NULL, '2025-05-22 10:00:00');
INSERT INTO public.customers (id, name, color, description, address, company_name, account_number, vat_id, country, currency, timezone, email, phone, homepage, created_at, deleted_at, updated_at) VALUES (5, 'Bob Johnson', '#ffb533', 'New customer', '789 Oak St, Chicago, USA', 'Beta LLC', '1122334455', 'VAT112233', 'United States', 'USD', 'America/Chicago', 'bob@example.com', '5559876543', 'https://bob.com', '2025-05-22 11:00:00', NULL, '2025-05-22 11:00:00');
INSERT INTO public.customers (id, name, color, description, address, company_name, account_number, vat_id, country, currency, timezone, email, phone, homepage, created_at, deleted_at, updated_at) VALUES (6, 'Emma Wilson', '#3366ff', 'Enterprise customer', '567 Pine St, Seattle, USA', 'Gamma Solutions', '5566778899', 'VAT556677', 'United States', 'USD', 'America/Los_Angeles', 'emma@example.com', '5552223333', 'https://gamma-solutions.com', '2025-05-23 09:00:00', NULL, '2025-05-23 09:00:00');
INSERT INTO public.customers (id, name, color, description, address, company_name, account_number, vat_id, country, currency, timezone, email, phone, homepage, created_at, deleted_at, updated_at) VALUES (7, 'David Brown', '#ff6633', 'Small business', '890 Cedar St, Boston, USA', 'Delta Tech', '1122334455', 'VAT112233', 'United States', 'USD', 'America/New_York', 'david@example.com', '5554445555', 'https://deltatech.com', '2025-05-23 10:00:00', NULL, '2025-05-23 10:00:00');
INSERT INTO public.customers (id, name, color, description, address, company_name, account_number, vat_id, country, currency, timezone, email, phone, homepage, created_at, deleted_at, updated_at) VALUES (8, 'Sophia Lee', '#33ff66', 'International client', '123 Maple St, Toronto, Canada', 'Epsilon Inc', '9988776655', 'VAT998877', 'Canada', 'CAD', 'America/Toronto', 'sophia@example.com', '5556667777', 'https://epsilon.com', '2025-05-23 11:00:00', NULL, '2025-05-23 11:00:00');
INSERT INTO public.customers (id, name, color, description, address, company_name, account_number, vat_id, country, currency, timezone, email, phone, homepage, created_at, deleted_at, updated_at) VALUES (9, 'Michael Garcia', '#6633ff', 'Government agency', '456 Birch St, Washington DC, USA', 'Zeta Agency', '1231231234', 'VAT123123', 'United States', 'USD', 'America/New_York', 'michael@example.com', '5558889999', 'https://zeta-agency.gov', '2025-05-23 12:00:00', NULL, '2025-05-23 12:00:00');
INSERT INTO public.customers (id, name, color, description, address, company_name, account_number, vat_id, country, currency, timezone, email, phone, homepage, created_at, deleted_at, updated_at) VALUES (10, 'Olivia Martinez', '#ff3366', 'Educational institution', '789 Oak St, San Francisco, USA', 'Eta University', '4564564567', 'VAT456456', 'United States', 'USD', 'America/Los_Angeles', 'olivia@example.com', '5550001111', 'https://eta-university.edu', '2025-05-23 13:00:00', NULL, '2025-05-23 13:00:00');

-- Thêm 20 record mới cho customers
INSERT INTO public.customers (id, name, color, description, address, company_name, account_number, vat_id, country, currency, timezone, email, phone, homepage, created_at, deleted_at, updated_at) VALUES 
(11, 'William Taylor', '#33ccff', 'Premium client', '123 Willow St, Miami, USA', 'Theta Systems', '1212343456', 'VAT121234', 'United States', 'USD', 'America/New_York', 'william@example.com', '5551112222', 'https://theta-systems.com', '2025-05-27 09:00:00', NULL, '2025-05-27 09:00:00'),
(12, 'Isabella Clark', '#cc33ff', 'Corporate client', '456 Palm St, Dallas, USA', 'Iota Corp', '2323454567', 'VAT232345', 'United States', 'USD', 'America/Chicago', 'isabella@example.com', '5552223333', 'https://iota-corp.com', '2025-05-27 10:00:00', NULL, '2025-05-27 10:00:00'),
(13, 'James Rodriguez', '#33ffcc', 'Long-term client', '789 Cypress St, Houston, USA', 'Kappa Industries', '3434565678', 'VAT343456', 'United States', 'USD', 'America/Chicago', 'james@example.com', '5553334444', 'https://kappa-industries.com', '2025-05-27 11:00:00', NULL, '2025-05-27 11:00:00'),
(14, 'Sophia White', '#ffcc33', 'New enterprise', '101 Redwood St, Portland, USA', 'Lambda Solutions', '4545676789', 'VAT454567', 'United States', 'USD', 'America/Los_Angeles', 'sophia.w@example.com', '5554445555', 'https://lambda-solutions.com', '2025-05-27 12:00:00', NULL, '2025-05-27 12:00:00'),
(15, 'Benjamin Harris', '#33ff33', 'Strategic partner', '202 Spruce St, Denver, USA', 'Mu Technologies', '5656787890', 'VAT565678', 'United States', 'USD', 'America/Denver', 'benjamin@example.com', '5555556666', 'https://mu-technologies.com', '2025-05-27 13:00:00', NULL, '2025-05-27 13:00:00'),
(16, 'Mia Thompson', '#ff3333', 'International corporation', '303 Birch St, London, UK', 'Nu Enterprises', '6767898901', 'VAT676789', 'United Kingdom', 'GBP', 'Europe/London', 'mia@example.com', '4471234567', 'https://nu-enterprises.com', '2025-05-27 14:00:00', NULL, '2025-05-27 14:00:00'),
(17, 'Ethan Martin', '#3333ff', 'Tech startup', '404 Aspen St, Berlin, Germany', 'Xi Innovations', '7878909012', 'VAT787890', 'Germany', 'EUR', 'Europe/Berlin', 'ethan@example.com', '49123456789', 'https://xi-innovations.com', '2025-05-27 15:00:00', NULL, '2025-05-27 15:00:00'),
(18, 'Charlotte Garcia', '#33ffff', 'Research institution', '505 Cedar St, Paris, France', 'Omicron Research', '8989010123', 'VAT898901', 'France', 'EUR', 'Europe/Paris', 'charlotte@example.com', '33123456789', 'https://omicron-research.com', '2025-05-27 16:00:00', NULL, '2025-05-27 16:00:00'),
(19, 'Alexander Lee', '#ffff33', 'Manufacturing company', '606 Pine St, Tokyo, Japan', 'Pi Manufacturing', '9090121234', 'VAT909012', 'Japan', 'JPY', 'Asia/Tokyo', 'alexander@example.com', '81123456789', 'https://pi-manufacturing.com', '2025-05-27 17:00:00', NULL, '2025-05-27 17:00:00'),
(20, 'Amelia Wilson', '#ff33ff', 'Financial services', '707 Oak St, Sydney, Australia', 'Rho Financial', '0101232345', 'VAT010123', 'Australia', 'AUD', 'Australia/Sydney', 'amelia@example.com', '61123456789', 'https://rho-financial.com', '2025-05-27 18:00:00', NULL, '2025-05-27 18:00:00'),
(21, 'Daniel Johnson', '#99ff33', 'Healthcare provider', '808 Maple St, Toronto, Canada', 'Sigma Healthcare', '1212343456', 'VAT121234', 'Canada', 'CAD', 'America/Toronto', 'daniel@example.com', '1416123456', 'https://sigma-healthcare.com', '2025-05-28 09:00:00', NULL, '2025-05-28 09:00:00'),
(22, 'Sofia Martinez', '#ff9933', 'Educational technology', '909 Elm St, Mexico City, Mexico', 'Tau EdTech', '2323454567', 'VAT232345', 'Mexico', 'MXN', 'America/Mexico_City', 'sofia@example.com', '52123456789', 'https://tau-edtech.com', '2025-05-28 10:00:00', NULL, '2025-05-28 10:00:00'),
(23, 'Matthew Brown', '#3399ff', 'Energy company', '1010 Birch St, Rio de Janeiro, Brazil', 'Upsilon Energy', '3434565678', 'VAT343456', 'Brazil', 'BRL', 'America/Sao_Paulo', 'matthew@example.com', '55123456789', 'https://upsilon-energy.com', '2025-05-28 11:00:00', NULL, '2025-05-28 11:00:00'),
(24, 'Ava Davis', '#ff99cc', 'Fashion retailer', '1111 Willow St, Milan, Italy', 'Phi Fashion', '4545676789', 'VAT454567', 'Italy', 'EUR', 'Europe/Rome', 'ava@example.com', '39123456789', 'https://phi-fashion.com', '2025-05-28 12:00:00', NULL, '2025-05-28 12:00:00'),
(25, 'Lucas Miller', '#cc99ff', 'Software development', '1212 Palm St, Stockholm, Sweden', 'Chi Software', '5656787890', 'VAT565678', 'Sweden', 'SEK', 'Europe/Stockholm', 'lucas@example.com', '46123456789', 'https://chi-software.com', '2025-05-28 13:00:00', NULL, '2025-05-28 13:00:00'),
(26, 'Chloe Wilson', '#99ffcc', 'Food and beverage', '1313 Cypress St, Barcelona, Spain', 'Psi Foods', '6767898901', 'VAT676789', 'Spain', 'EUR', 'Europe/Madrid', 'chloe@example.com', '34123456789', 'https://psi-foods.com', '2025-05-28 14:00:00', NULL, '2025-05-28 14:00:00'),
(27, 'Ryan Thomas', '#ff6699', 'Transportation services', '1414 Redwood St, Amsterdam, Netherlands', 'Omega Transport', '7878909012', 'VAT787890', 'Netherlands', 'EUR', 'Europe/Amsterdam', 'ryan@example.com', '31123456789', 'https://omega-transport.com', '2025-05-28 15:00:00', NULL, '2025-05-28 15:00:00'),
(28, 'Zoe Anderson', '#6699ff', 'Telecommunications', '1515 Spruce St, Seoul, South Korea', 'Delta Telecom', '8989010123', 'VAT898901', 'South Korea', 'KRW', 'Asia/Seoul', 'zoe@example.com', '82123456789', 'https://delta-telecom.com', '2025-05-28 16:00:00', NULL, '2025-05-28 16:00:00'),
(29, 'Nathan Moore', '#99ff66', 'Construction company', '1616 Birch St, Dubai, UAE', 'Gamma Construction', '9090121234', 'VAT909012', 'United Arab Emirates', 'AED', 'Asia/Dubai', 'nathan@example.com', '971123456789', 'https://gamma-construction.com', '2025-05-28 17:00:00', NULL, '2025-05-28 17:00:00'),
(30, 'Lily Taylor', '#ff6666', 'Hospitality group', '1717 Aspen St, Singapore', 'Beta Hospitality', '0101232345', 'VAT010123', 'Singapore', 'SGD', 'Asia/Singapore', 'lily@example.com', '65123456789', 'https://beta-hospitality.com', '2025-05-28 18:00:00', NULL, '2025-05-28 18:00:00');

INSERT INTO public.projects (id, name, color, project_number, order_number, order_date, start_date, end_date, budget, created_at, updated_at, deleted_at, customer_id) VALUES (1, 'Project Alpha', '#ffe433', 101, 2023001, '2025-03-23 00:00:00', '2025-04-01 00:00:00', '2025-12-31 00:00:00', 50000, '2025-05-18 17:03:13.581', '2025-05-18 17:03:13.581', NULL, 1);
INSERT INTO public.projects (id, name, color, project_number, order_number, order_date, start_date, end_date, budget, created_at, updated_at, deleted_at, customer_id) VALUES (2, 'Hospital heathcare', '#5533ff', 101, 2023001, '2025-03-23 00:00:00', '2025-04-01 00:00:00', '2025-12-31 00:00:00', 50000, '2025-05-18 17:03:38.871', '2025-05-18 17:03:38.871', NULL, 1);
INSERT INTO public.projects (id, name, color, project_number, order_number, order_date, start_date, end_date, budget, created_at, updated_at, deleted_at, customer_id) VALUES (3, 'Project Beta', '#33b5ff', 102, 2023002, '2025-05-01 00:00:00', '2025-05-10 00:00:00', '2025-12-31 00:00:00', 75000, '2025-05-22 12:00:00', '2025-05-22 12:00:00', NULL, 4);
INSERT INTO public.projects (id, name, color, project_number, order_number, order_date, start_date, end_date, budget, created_at, updated_at, deleted_at, customer_id) VALUES (4, 'Project Gamma', '#b533ff', 103, 2023003, '2025-05-05 00:00:00', '2025-05-15 00:00:00', '2025-12-31 00:00:00', 60000, '2025-05-22 13:00:00', '2025-05-22 13:00:00', NULL, 5);
INSERT INTO public.projects (id, name, color, project_number, order_number, order_date, start_date, end_date, budget, created_at, updated_at, deleted_at, customer_id) VALUES (5, 'E-commerce Platform', '#ff6600', 104, 2023004, '2025-05-10 00:00:00', '2025-05-20 00:00:00', '2025-12-31 00:00:00', 80000, '2025-05-23 14:00:00', '2025-05-23 14:00:00', NULL, 6);
INSERT INTO public.projects (id, name, color, project_number, order_number, order_date, start_date, end_date, budget, created_at, updated_at, deleted_at, customer_id) VALUES (6, 'Mobile App Development', '#00ff66', 105, 2023005, '2025-05-15 00:00:00', '2025-05-25 00:00:00', '2025-12-31 00:00:00', 65000, '2025-05-23 15:00:00', '2025-05-23 15:00:00', NULL, 7);
INSERT INTO public.projects (id, name, color, project_number, order_number, order_date, start_date, end_date, budget, created_at, updated_at, deleted_at, customer_id) VALUES (7, 'Data Analytics Dashboard', '#6600ff', 106, 2023006, '2025-05-20 00:00:00', '2025-06-01 00:00:00', '2025-12-31 00:00:00', 70000, '2025-05-23 16:00:00', '2025-05-23 16:00:00', NULL, 8);
INSERT INTO public.projects (id, name, color, project_number, order_number, order_date, start_date, end_date, budget, created_at, updated_at, deleted_at, customer_id) VALUES (8, 'Security Audit', '#ff0066', 107, 2023007, '2025-05-25 00:00:00', '2025-06-05 00:00:00', '2025-12-31 00:00:00', 55000, '2025-05-23 17:00:00', '2025-05-23 17:00:00', NULL, 9);
INSERT INTO public.projects (id, name, color, project_number, order_number, order_date, start_date, end_date, budget, created_at, updated_at, deleted_at, customer_id) VALUES (9, 'Learning Management System', '#66ff00', 108, 2023008, '2025-06-01 00:00:00', '2025-06-10 00:00:00', '2025-12-31 00:00:00', 90000, '2025-05-23 18:00:00', '2025-05-23 18:00:00', NULL, 10);
INSERT INTO public.projects (id, name, color, project_number, order_number, order_date, start_date, end_date, budget, created_at, updated_at, deleted_at, customer_id) VALUES (10, 'Cloud Migration', '#0066ff', 109, 2023009, '2025-06-05 00:00:00', '2025-06-15 00:00:00', '2025-12-31 00:00:00', 85000, '2025-05-23 19:00:00', '2025-05-23 19:00:00', NULL, 1);

INSERT INTO public.teams (id, name, color, users, created_at, updated_at, deleted_at, lead) VALUES (1, 'Front end Team', '#4d7efc', '{auth0|67d991b80f7916d942e25d1d,auth0|6803de00c180a3420d8451f1,auth0|6803dffac3438da2f9a1d856}', '2025-05-18 17:02:09.573', '2025-05-18 17:02:09.573', NULL, 'auth0|67d991b80f7916d942e25d1d');
INSERT INTO public.teams (id, name, color, users, created_at, updated_at, deleted_at, lead) VALUES (2, 'Backend end Team', '#4efd5a', '{auth0|67e177af85bc3d00c9259b50,auth0|67e441428781d3f24243d71a,auth0|67e177daa644c618cb3eb35e}', '2025-05-18 17:02:31.081', '2025-05-18 17:02:31.081', NULL, 'auth0|67e441428781d3f24243d71a');
INSERT INTO public.teams (id, name, color, users, created_at, updated_at, deleted_at, lead) VALUES (3, 'QA Team', '#ff33a6', '{auth0|67e17804a2a92ff53f9911c1,auth0|67f67b8e5b7c5d9bbc083877}', '2025-05-22 14:00:00', '2025-05-22 14:00:00', NULL, 'auth0|67e17804a2a92ff53f9911c1');
INSERT INTO public.teams (id, name, color, users, created_at, updated_at, deleted_at, lead) VALUES (4, 'DevOps Team', '#33ffa6', '{auth0|67d991b80f7916d942e25d1d,auth0|67e441428781d3f24243d71a}', '2025-05-22 15:00:00', '2025-05-22 15:00:00', NULL, 'auth0|67e441428781d3f24243d71a');
INSERT INTO public.teams (id, name, color, users, created_at, updated_at, deleted_at, lead) VALUES (5, 'UI/UX Team', '#ff9900', '{auth0|67e17804a2a92ff53f9911c1,auth0|67f67b8e5b7c5d9bbc083877,auth0|67d991b80f7916d942e25d1d}', '2025-05-24 09:00:00', '2025-05-24 09:00:00', NULL, 'auth0|67e17804a2a92ff53f9911c1');
INSERT INTO public.teams (id, name, color, users, created_at, updated_at, deleted_at, lead) VALUES (6, 'Data Science Team', '#9900ff', '{auth0|67e177af85bc3d00c9259b50,auth0|67e441428781d3f24243d71a,auth0|67d992216b97b76f336bfaa5}', '2025-05-24 10:00:00', '2025-05-24 10:00:00', NULL, 'auth0|67e177af85bc3d00c9259b50');
INSERT INTO public.teams (id, name, color, users, created_at, updated_at, deleted_at, lead) VALUES (7, 'Security Team', '#00ff99', '{auth0|67d99257463a53ee93784bb3,auth0|6803de00c180a3420d8451f1,auth0|6803dffac3438da2f9a1d856}', '2025-05-24 11:00:00', '2025-05-24 11:00:00', NULL, 'auth0|67d99257463a53ee93784bb3');
INSERT INTO public.teams (id, name, color, users, created_at, updated_at, deleted_at, lead) VALUES (8, 'Mobile Development Team', '#ff0099', '{auth0|67e177daa644c618cb3eb35e,auth0|67d991b80f7916d942e25d1d,auth0|67f67b8e5b7c5d9bbc083877}', '2025-05-24 12:00:00', '2025-05-24 12:00:00', NULL, 'auth0|67e177daa644c618cb3eb35e');
INSERT INTO public.teams (id, name, color, users, created_at, updated_at, deleted_at, lead) VALUES (9, 'Cloud Infrastructure Team', '#0099ff', '{auth0|67e441428781d3f24243d71a,auth0|67d992216b97b76f336bfaa5,auth0|67d99257463a53ee93784bb3}', '2025-05-24 13:00:00', '2025-05-24 13:00:00', NULL, 'auth0|67e441428781d3f24243d71a');
INSERT INTO public.teams (id, name, color, users, created_at, updated_at, deleted_at, lead) VALUES (10, 'Product Management Team', '#99ff00', '{auth0|6803de00c180a3420d8451f1,auth0|6803dffac3438da2f9a1d856,auth0|67e177daa644c618cb3eb35e}', '2025-05-24 14:00:00', '2025-05-24 14:00:00', NULL, 'auth0|6803de00c180a3420d8451f1');

-- Thêm 20 records mới cho teams
INSERT INTO public.teams (id, name, color, users, created_at, updated_at, deleted_at, lead) VALUES 
(11, 'AI Research Team', '#ff5500', '{auth0|67e177af85bc3d00c9259b50,auth0|67d992216b97b76f336bfaa5,auth0|67e17804a2a92ff53f9911c1}', '2025-05-29 09:00:00', '2025-05-29 09:00:00', NULL, 'auth0|67e177af85bc3d00c9259b50'),
(12, 'Blockchain Development Team', '#00ff55', '{auth0|67d991b80f7916d942e25d1d,auth0|67e441428781d3f24243d71a,auth0|67d99257463a53ee93784bb3}', '2025-05-29 10:00:00', '2025-05-29 10:00:00', NULL, 'auth0|67d991b80f7916d942e25d1d'),
(13, 'Customer Success Team', '#5500ff', '{auth0|6803de00c180a3420d8451f1,auth0|67f67b8e5b7c5d9bbc083877,auth0|67e177daa644c618cb3eb35e}', '2025-05-29 11:00:00', '2025-05-29 11:00:00', NULL, 'auth0|6803de00c180a3420d8451f1'),
(14, 'Marketing Team', '#ff0055', '{auth0|67d992216b97b76f336bfaa5,auth0|67e17804a2a92ff53f9911c1,auth0|6803dffac3438da2f9a1d856}', '2025-05-29 12:00:00', '2025-05-29 12:00:00', NULL, 'auth0|67d992216b97b76f336bfaa5'),
(15, 'Sales Team', '#00ffaa', '{auth0|67e441428781d3f24243d71a,auth0|67d99257463a53ee93784bb3,auth0|67f67b8e5b7c5d9bbc083877}', '2025-05-29 13:00:00', '2025-05-29 13:00:00', NULL, 'auth0|67e441428781d3f24243d71a'),
(16, 'Technical Support Team', '#aa00ff', '{auth0|67e177daa644c618cb3eb35e,auth0|6803de00c180a3420d8451f1,auth0|67d991b80f7916d942e25d1d}', '2025-05-29 14:00:00', '2025-05-29 14:00:00', NULL, 'auth0|67e177daa644c618cb3eb35e'),
(17, 'Content Creation Team', '#ffaa00', '{auth0|6803dffac3438da2f9a1d856,auth0|67e177af85bc3d00c9259b50,auth0|67d992216b97b76f336bfaa5}', '2025-05-29 15:00:00', '2025-05-29 15:00:00', NULL, 'auth0|6803dffac3438da2f9a1d856'),
(18, 'User Experience Team', '#00aaff', '{auth0|67f67b8e5b7c5d9bbc083877,auth0|67d991b80f7916d942e25d1d,auth0|67e441428781d3f24243d71a}', '2025-05-29 16:00:00', '2025-05-29 16:00:00', NULL, 'auth0|67f67b8e5b7c5d9bbc083877'),
(19, 'Business Intelligence Team', '#ff00aa', '{auth0|67d99257463a53ee93784bb3,auth0|67e177daa644c618cb3eb35e,auth0|6803de00c180a3420d8451f1}', '2025-05-29 17:00:00', '2025-05-29 17:00:00', NULL, 'auth0|67d99257463a53ee93784bb3'),
(20, 'Infrastructure Team', '#aaff00', '{auth0|67e17804a2a92ff53f9911c1,auth0|6803dffac3438da2f9a1d856,auth0|67e177af85bc3d00c9259b50}', '2025-05-30 09:00:00', '2025-05-30 09:00:00', NULL, 'auth0|67e17804a2a92ff53f9911c1'),
(21, 'Machine Learning Team', '#ff3377', '{auth0|67d992216b97b76f336bfaa5,auth0|67d991b80f7916d942e25d1d,auth0|67e441428781d3f24243d71a}', '2025-05-30 10:00:00', '2025-05-30 10:00:00', NULL, 'auth0|67d992216b97b76f336bfaa5'),
(22, 'Big Data Team', '#33ff77', '{auth0|67d99257463a53ee93784bb3,auth0|67f67b8e5b7c5d9bbc083877,auth0|67e177daa644c618cb3eb35e}', '2025-05-30 11:00:00', '2025-05-30 11:00:00', NULL, 'auth0|67d99257463a53ee93784bb3'),
(23, 'Documentation Team', '#7733ff', '{auth0|6803de00c180a3420d8451f1,auth0|6803dffac3438da2f9a1d856,auth0|67e17804a2a92ff53f9911c1}', '2025-05-30 12:00:00', '2025-05-30 12:00:00', NULL, 'auth0|6803de00c180a3420d8451f1'),
(24, 'API Integration Team', '#ff7733', '{auth0|67e177af85bc3d00c9259b50,auth0|67d992216b97b76f336bfaa5,auth0|67d991b80f7916d942e25d1d}', '2025-05-30 13:00:00', '2025-05-30 13:00:00', NULL, 'auth0|67e177af85bc3d00c9259b50'),
(25, 'Testing Automation Team', '#77ff33', '{auth0|67e441428781d3f24243d71a,auth0|67d99257463a53ee93784bb3,auth0|67f67b8e5b7c5d9bbc083877}', '2025-05-30 14:00:00', '2025-05-30 14:00:00', NULL, 'auth0|67e441428781d3f24243d71a'),
(26, 'Research & Development Team', '#3377ff', '{auth0|67e177daa644c618cb3eb35e,auth0|6803de00c180a3420d8451f1,auth0|6803dffac3438da2f9a1d856}', '2025-05-30 15:00:00', '2025-05-30 15:00:00', NULL, 'auth0|67e177daa644c618cb3eb35e'),
(27, 'Systems Architecture Team', '#ff3399', '{auth0|67e17804a2a92ff53f9911c1,auth0|67e177af85bc3d00c9259b50,auth0|67d992216b97b76f336bfaa5}', '2025-05-30 16:00:00', '2025-05-30 16:00:00', NULL, 'auth0|67e17804a2a92ff53f9911c1'),
(28, 'Network Security Team', '#33ff99', '{auth0|67d991b80f7916d942e25d1d,auth0|67e441428781d3f24243d71a,auth0|67d99257463a53ee93784bb3}', '2025-05-30 17:00:00', '2025-05-30 17:00:00', NULL, 'auth0|67d991b80f7916d942e25d1d'),
(29, 'Web Development Team', '#9933ff', '{auth0|67f67b8e5b7c5d9bbc083877,auth0|67e177daa644c618cb3eb35e,auth0|6803de00c180a3420d8451f1}', '2025-05-31 09:00:00', '2025-05-31 09:00:00', NULL, 'auth0|67f67b8e5b7c5d9bbc083877'),
(30, 'Project Coordination Team', '#ff9933', '{auth0|6803dffac3438da2f9a1d856,auth0|67e17804a2a92ff53f9911c1,auth0|67e177af85bc3d00c9259b50}', '2025-05-31 10:00:00', '2025-05-31 10:00:00', NULL, 'auth0|6803dffac3438da2f9a1d856');

INSERT INTO public.activities (id, name, color, description, activity_number, budget, project_id, team_id, created_at, updated_at, deleted_at) VALUES (1, 'Design UI/UX', '#FF5733', 'Initial phase for designing UI/UX', 100, 1000, 1, 2, '2025-05-18 17:03:56.053', '2025-05-18 17:03:56.053', NULL);
INSERT INTO public.activities (id, name, color, description, activity_number, budget, project_id, team_id, created_at, updated_at, deleted_at) VALUES (2, 'Migrate database', '#85ff33', 'Initial phase for designing UI/UX', 100, 1000, 1, 1, '2025-05-18 17:04:25.266', '2025-05-18 17:04:25.266', NULL);
INSERT INTO public.activities (id, name, color, description, activity_number, budget, project_id, team_id, created_at, updated_at, deleted_at) VALUES (3, 'Design general architecture', '#adff33', 'Initial phase for designing UI/UX', 100, 1000, 2, 1, '2025-05-18 17:06:58.105', '2025-05-18 17:06:58.105', NULL);
INSERT INTO public.activities (id, name, color, description, activity_number, budget, project_id, team_id, created_at, updated_at, deleted_at) VALUES (4, 'Testing', '#ff3380', 'Testing phase', 101, 2000, 3, 3, '2025-05-22 16:00:00', '2025-05-22 16:00:00', NULL);
INSERT INTO public.activities (id, name, color, description, activity_number, budget, project_id, team_id, created_at, updated_at, deleted_at) VALUES (5, 'Deployment', '#33ff80', 'Deployment phase', 102, 3000, 4, 4, '2025-05-22 17:00:00', '2025-05-22 17:00:00', NULL);
INSERT INTO public.activities (id, name, color, description, activity_number, budget, project_id, team_id, created_at, updated_at, deleted_at) VALUES (6, 'UI Design', '#ff9933', 'Design user interfaces', 103, 2500, 5, 5, '2025-05-24 15:00:00', '2025-05-24 15:00:00', NULL);
INSERT INTO public.activities (id, name, color, description, activity_number, budget, project_id, team_id, created_at, updated_at, deleted_at) VALUES (7, 'Data Analysis', '#9933ff', 'Analyze customer data', 104, 3500, 7, 6, '2025-05-24 16:00:00', '2025-05-24 16:00:00', NULL);
INSERT INTO public.activities (id, name, color, description, activity_number, budget, project_id, team_id, created_at, updated_at, deleted_at) VALUES (8, 'Security Assessment', '#33ff99', 'Assess system security', 105, 4000, 8, 7, '2025-05-24 17:00:00', '2025-05-24 17:00:00', NULL);
INSERT INTO public.activities (id, name, color, description, activity_number, budget, project_id, team_id, created_at, updated_at, deleted_at) VALUES (9, 'Mobile App Development', '#ff3399', 'Develop mobile application', 106, 4500, 6, 8, '2025-05-24 18:00:00', '2025-05-24 18:00:00', NULL);
INSERT INTO public.activities (id, name, color, description, activity_number, budget, project_id, team_id, created_at, updated_at, deleted_at) VALUES (10, 'Cloud Setup', '#3399ff', 'Setup cloud infrastructure', 107, 5000, 10, 9, '2025-05-24 19:00:00', '2025-05-24 19:00:00', NULL);
-- Thêm 20 records mới cho activities
INSERT INTO public.activities (id, name, color, description, activity_number, budget, project_id, team_id, created_at, updated_at, deleted_at) VALUES
(11, 'E-commerce Platform Setup', '#ff6347', 'Setup e-commerce platform and integrations', 108, 5500, 5, 11, '2025-05-31 09:00:00', '2025-05-31 09:00:00', NULL),
(12, 'Mobile App UI Design', '#32cd32', 'Design user interface for mobile application', 109, 3200, 6, 5, '2025-05-31 10:00:00', '2025-05-31 10:00:00', NULL),
(13, 'Data Warehouse Implementation', '#9370db', 'Implement data warehouse architecture', 110, 6000, 7, 12, '2025-05-31 11:00:00', '2025-05-31 11:00:00', NULL),
(14, 'Security Penetration Testing', '#ff69b4', 'Perform security penetration tests', 111, 4500, 8, 7, '2025-05-31 12:00:00', '2025-05-31 12:00:00', NULL),
(15, 'Learning Management System Development', '#20b2aa', 'Develop core LMS functionality', 112, 7000, 9, 13, '2025-05-31 13:00:00', '2025-05-31 13:00:00', NULL),
(16, 'Cloud Migration Planning', '#daa520', 'Plan cloud migration strategy', 113, 3800, 10, 9, '2025-05-31 14:00:00', '2025-05-31 14:00:00', NULL),
(17, 'Product Catalog Development', '#8a2be2', 'Develop product catalog system', 114, 4200, 5, 14, '2025-05-31 15:00:00', '2025-05-31 15:00:00', NULL),
(18, 'Mobile App Backend Development', '#00ced1', 'Develop backend services for mobile app', 115, 5300, 6, 2, '2025-05-31 16:00:00', '2025-05-31 16:00:00', NULL),
(19, 'Data Visualization Implementation', '#ff8c00', 'Implement data visualization dashboards', 116, 4800, 7, 15, '2025-05-31 17:00:00', '2025-05-31 17:00:00', NULL),
(20, 'Security Policy Development', '#4682b4', 'Develop security policies and procedures', 117, 3500, 8, 16, '2025-06-01 09:00:00', '2025-06-01 09:00:00', NULL),
(21, 'Content Management System Integration', '#2e8b57', 'Integrate CMS with learning platform', 118, 4700, 9, 17, '2025-06-01 10:00:00', '2025-06-01 10:00:00', NULL),
(22, 'Cloud Infrastructure Optimization', '#9932cc', 'Optimize cloud infrastructure for performance', 119, 5200, 10, 18, '2025-06-01 11:00:00', '2025-06-01 11:00:00', NULL),
(23, 'Payment Gateway Integration', '#ffa07a', 'Integrate payment gateways with e-commerce', 120, 3900, 5, 19, '2025-06-01 12:00:00', '2025-06-01 12:00:00', NULL),
(24, 'Mobile App Testing', '#7b68ee', 'Test mobile application functionality', 121, 4100, 6, 20, '2025-06-01 13:00:00', '2025-06-01 13:00:00', NULL),
(25, 'Machine Learning Model Development', '#3cb371', 'Develop machine learning models for data analysis', 122, 6500, 7, 21, '2025-06-01 14:00:00', '2025-06-01 14:00:00', NULL),
(26, 'Vulnerability Assessment', '#fa8072', 'Assess system vulnerabilities', 123, 4300, 8, 22, '2025-06-01 15:00:00', '2025-06-01 15:00:00', NULL),
(27, 'User Documentation Development', '#6495ed', 'Develop user documentation for LMS', 124, 3600, 9, 23, '2025-06-01 16:00:00', '2025-06-01 16:00:00', NULL),
(28, 'API Development for Cloud Services', '#ffd700', 'Develop APIs for cloud services integration', 125, 5100, 10, 24, '2025-06-01 17:00:00', '2025-06-01 17:00:00', NULL),
(29, 'Automated Testing Implementation', '#48d1cc', 'Implement automated testing framework', 126, 4400, 1, 25, '2025-06-02 09:00:00', '2025-06-02 09:00:00', NULL),
(30, 'Research on New Technologies', '#cd5c5c', 'Research emerging technologies for implementation', 127, 5800, 2, 26, '2025-06-02 10:00:00', '2025-06-02 10:00:00', NULL);

INSERT INTO public.categories (id, name, description, created_at, updated_at, deleted_at, color) VALUES (1, 'Write unit test', '', '2025-05-18 17:04:37.022', '2025-05-18 17:04:37.022', NULL, '#1FDB3E');
INSERT INTO public.categories (id, name, description, created_at, updated_at, deleted_at, color) VALUES (2, 'Integrate Database', 'Connect database', '2025-05-18 17:05:07.583', '2025-05-18 17:05:07.583', NULL, '#ce1fdb');
INSERT INTO public.categories (id, name, description, created_at, updated_at, deleted_at, color) VALUES (3, 'Code Review', 'Review code', '2025-05-22 18:00:00', '2025-05-22 18:00:00', NULL, '#ffb533');
INSERT INTO public.categories (id, name, description, created_at, updated_at, deleted_at, color) VALUES (4, 'Deployment', 'Deploy to production', '2025-05-22 19:00:00', '2025-05-22 19:00:00', NULL, '#33b5ff');
INSERT INTO public.categories (id, name, description, created_at, updated_at, deleted_at, color) VALUES (5, 'UI Design', 'Design user interfaces', '2025-05-25 09:00:00', '2025-05-25 09:00:00', NULL, '#ff9933');
INSERT INTO public.categories (id, name, description, created_at, updated_at, deleted_at, color) VALUES (6, 'Data Analysis', 'Analyze data', '2025-05-25 10:00:00', '2025-05-25 10:00:00', NULL, '#9933ff');
INSERT INTO public.categories (id, name, description, created_at, updated_at, deleted_at, color) VALUES (7, 'Security', 'Security related tasks', '2025-05-25 11:00:00', '2025-05-25 11:00:00', NULL, '#33ff99');
INSERT INTO public.categories (id, name, description, created_at, updated_at, deleted_at, color) VALUES (8, 'Mobile Development', 'Mobile app development', '2025-05-25 12:00:00', '2025-05-25 12:00:00', NULL, '#ff3399');
INSERT INTO public.categories (id, name, description, created_at, updated_at, deleted_at, color) VALUES (9, 'Cloud Infrastructure', 'Cloud setup and management', '2025-05-25 13:00:00', '2025-05-25 13:00:00', NULL, '#3399ff');
INSERT INTO public.categories (id, name, description, created_at, updated_at, deleted_at, color) VALUES (10, 'Project Management', 'Project management tasks', '2025-05-25 14:00:00', '2025-05-25 14:00:00', NULL, '#99ff33');

INSERT INTO public.expenses (id, name, description, project_id, activity_id, category_id, cost, created_at, updated_at, deleted_at, color) VALUES (1, 'Write unit test expense', 'Expense', 1, 2, 1, 100, '2025-05-18 17:05:36.145', '2025-05-18 17:05:36.145', NULL, '#ff4d3a');
INSERT INTO public.expenses (id, name, description, project_id, activity_id, category_id, cost, created_at, updated_at, deleted_at, color) VALUES (2, 'Design architecture', 'Design', 2, 3, 2, 100, '2025-05-18 17:07:32.809', '2025-05-18 17:07:32.809', NULL, '#388eff');
INSERT INTO public.expenses (id, name, description, project_id, activity_id, category_id, cost, created_at, updated_at, deleted_at, color) VALUES (3, 'Testing expense', 'Expense for testing', 3, 4, 3, 200, '2025-05-22 20:00:00', '2025-05-22 20:00:00', NULL, '#ff3380');
INSERT INTO public.expenses (id, name, description, project_id, activity_id, category_id, cost, created_at, updated_at, deleted_at, color) VALUES (4, 'Deployment expense', 'Expense for deployment', 4, 5, 4, 300, '2025-05-22 21:00:00', '2025-05-22 21:00:00', NULL, '#33ff80');
INSERT INTO public.expenses (id, name, description, project_id, activity_id, category_id, cost, created_at, updated_at, deleted_at, color) VALUES (5, 'UI Design tools', 'Design software licenses', 5, 6, 5, 500, '2025-05-25 15:00:00', '2025-05-25 15:00:00', NULL, '#ff9933');
INSERT INTO public.expenses (id, name, description, project_id, activity_id, category_id, cost, created_at, updated_at, deleted_at, color) VALUES (6, 'Data Analysis tools', 'Data analysis software', 7, 7, 6, 600, '2025-05-25 16:00:00', '2025-05-25 16:00:00', NULL, '#9933ff');
INSERT INTO public.expenses (id, name, description, project_id, activity_id, category_id, cost, created_at, updated_at, deleted_at, color) VALUES (7, 'Security audit tools', 'Security assessment tools', 8, 8, 7, 700, '2025-05-25 17:00:00', '2025-05-25 17:00:00', NULL, '#33ff99');
INSERT INTO public.expenses (id, name, description, project_id, activity_id, category_id, cost, created_at, updated_at, deleted_at, color) VALUES (8, 'Mobile development licenses', 'Mobile SDK licenses', 6, 9, 8, 800, '2025-05-25 18:00:00', '2025-05-25 18:00:00', NULL, '#ff3399');
INSERT INTO public.expenses (id, name, description, project_id, activity_id, category_id, cost, created_at, updated_at, deleted_at, color) VALUES (9, 'Cloud services', 'Cloud platform costs', 10, 10, 9, 900, '2025-05-25 19:00:00', '2025-05-25 19:00:00', NULL, '#3399ff');
INSERT INTO public.expenses (id, name, description, project_id, activity_id, category_id, cost, created_at, updated_at, deleted_at, color) VALUES (10, 'Project management tools', 'PM software licenses', 9, 5, 10, 400, '2025-05-25 20:00:00', '2025-05-25 20:00:00', NULL, '#99ff33');

INSERT INTO public.requests (id, comment, type, status, target_id, user_id, team_id, previous_data, request_data, created_at, updated_at, deleted_at) VALUES (1, 'Start tracking for task: Write unit test for Controller', 'START_TIMESHEET', 'REJECTED', 1, 'auth0|67d99257463a53ee93784bb3', 1, '{"id": 1, "status": "running", "task_id": 1, "user_id": "auth0|67d99257463a53ee93784bb3", "duration": null, "end_time": null, "username": null, "created_at": "2025-05-18T17:10:11.880Z", "deleted_at": null, "project_id": 1, "start_time": "2025-05-18T17:10:11.880Z", "updated_at": "2025-05-18T17:10:11.880Z", "activity_id": 2, "description": "Description about your task here", "request_status": "PROCESSING"}', '{}', '2025-05-18 17:10:12.042', '2025-05-18 17:10:22.133', NULL);
INSERT INTO public.requests (id, comment, type, status, target_id, user_id, team_id, previous_data, request_data, created_at, updated_at, deleted_at) VALUES (2, 'I want to change the task expense', 'CHANGE_EXPENSE_QUANTITY', 'PROCESSING', 1, 'auth0|67d991b80f7916d942e25d1d', NULL, '{"id": 1, "color": "#FF5733", "title": "Write unit test for Controller", "status": "DOING", "expense": {"id": 2, "cost": 100, "name": "Design architecture", "color": "#388eff", "created_at": "2025-05-18T17:07:32.809Z", "deleted_at": null, "project_id": 2, "updated_at": "2025-05-18T17:07:32.809Z", "activity_id": 3, "category_id": 2, "description": "Design"}, "is_paid": false, "user_id": "auth0|67d99257463a53ee93784bb3", "activity": {"id": 2, "name": "Migrate database", "color": "#85ff33", "budget": 1000, "team_id": 1, "created_at": "2025-05-18T17:04:25.266Z", "deleted_at": null, "project_id": 1, "updated_at": "2025-05-18T17:04:25.266Z", "description": "Initial phase for designing UI/UX", "activity_number": 100}, "billable": false, "deadline": "2025-04-11T00:00:00.000Z", "quantity": 1, "created_at": "2025-05-18T17:08:20.721Z", "deleted_at": null, "expense_id": 2, "updated_at": "2025-05-18T17:08:20.721Z", "activity_id": 2, "description": "Write unit test"}', '{"quantity": 12}', '2025-05-19 15:52:31.874', '2025-05-19 15:52:31.874', NULL);
INSERT INTO public.requests (id, comment, type, status, target_id, user_id, team_id, previous_data, request_data, created_at, updated_at, deleted_at) VALUES (3, 'I want to change the task expense', 'CHANGE_EXPENSE_QUANTITY', 'REJECTED', 3, 'auth0|67d991b80f7916d942e25d1d', 1, '{"id": 3, "color": "#FF5733", "title": "Write unit test", "status": "DOING", "expense": {"id": 1, "cost": 100, "name": "Write unit test expense", "color": "#ff4d3a", "created_at": "2025-05-18T17:05:36.145Z", "deleted_at": null, "project_id": 1, "updated_at": "2025-05-18T17:05:36.145Z", "activity_id": 2, "category_id": 1, "description": "Expense"}, "is_paid": false, "user_id": "auth0|6803de00c180a3420d8451f1", "activity": {"id": 2, "name": "Migrate database", "color": "#85ff33", "budget": 1000, "team_id": 1, "created_at": "2025-05-18T17:04:25.266Z", "deleted_at": null, "project_id": 1, "updated_at": "2025-05-18T17:04:25.266Z", "description": "Initial phase for designing UI/UX", "activity_number": 100}, "billable": false, "deadline": "2025-04-11T00:00:00.000Z", "quantity": 12, "created_at": "2025-05-19T16:13:28.059Z", "deleted_at": null, "expense_id": 1, "updated_at": "2025-05-19T16:13:28.059Z", "activity_id": 2, "description": "Demo description"}', '{"quantity": 15}', '2025-05-19 16:13:40.762', '2025-05-19 16:14:24.483', NULL);
INSERT INTO public.requests (id, comment, type, status, target_id, user_id, team_id, previous_data, request_data, created_at, updated_at, deleted_at) VALUES (4, 'I want to change the task expense', 'CHANGE_EXPENSE_QUANTITY', 'APPROVED', 2, 'auth0|67d991b80f7916d942e25d1d', 1, '{"id": 2, "color": "#FF5733", "title": "Connect to Postgres api", "status": "DOING", "expense": {"id": 1, "cost": 100, "name": "Write unit test expense", "color": "#ff4d3a", "created_at": "2025-05-18T17:05:36.145Z", "deleted_at": null, "project_id": 1, "updated_at": "2025-05-18T17:05:36.145Z", "activity_id": 2, "category_id": 1, "description": "Expense"}, "is_paid": false, "user_id": "auth0|67d992216b97b76f336bfaa5", "activity": {"id": 3, "name": "Design general architecture", "color": "#adff33", "budget": 1000, "team_id": 1, "created_at": "2025-05-18T17:06:58.105Z", "deleted_at": null, "project_id": 2, "updated_at": "2025-05-18T17:06:58.105Z", "description": "Initial phase for designing UI/UX", "activity_number": 100}, "billable": false, "deadline": "2025-04-11T00:00:00.000Z", "quantity": 2, "created_at": "2025-05-18T17:09:41.965Z", "deleted_at": null, "expense_id": 1, "updated_at": "2025-05-18T17:09:41.965Z", "activity_id": 3, "description": "Connect database"}', '{"quantity": 4}', '2025-05-19 16:16:48.478', '2025-05-19 16:25:00.247', NULL);
INSERT INTO public.requests (id, comment, type, status, target_id, user_id, team_id, previous_data, request_data, created_at, updated_at, deleted_at) VALUES (5, 'I want to change the task expense', 'CHANGE_EXPENSE_QUANTITY', 'PROCESSING', 1, 'auth0|67d99257463a53ee93784bb3', 1, '{"id": 1, "color": "#FF5733", "title": "Write unit test for Controller", "status": "DOING", "expense": {"id": 2, "cost": 100, "name": "Design architecture", "color": "#388eff", "created_at": "2025-05-18T17:07:32.809Z", "deleted_at": null, "project_id": 2, "updated_at": "2025-05-18T17:07:32.809Z", "activity_id": 3, "category_id": 2, "description": "Design"}, "is_paid": false, "user_id": "auth0|67d99257463a53ee93784bb3", "activity": {"id": 2, "name": "Migrate database", "color": "#85ff33", "budget": 1000, "team_id": 1, "created_at": "2025-05-18T17:04:25.266Z", "deleted_at": null, "project_id": 1, "updated_at": "2025-05-18T17:04:25.266Z", "description": "Initial phase for designing UI/UX", "activity_number": 100}, "billable": false, "deadline": "2025-04-11T00:00:00.000Z", "quantity": 1, "created_at": "2025-05-18T17:08:20.721Z", "deleted_at": null, "expense_id": 2, "updated_at": "2025-05-18T17:08:20.721Z", "activity_id": 2, "description": "Write unit test"}', '{"quantity": 4}', '2025-05-19 17:20:13.802', '2025-05-19 17:20:13.802', NULL); 

INSERT INTO public.tasks (id, title, deadline, description, user_id, activity_id, created_at, updated_at, deleted_at, expense_id, billable, color, is_paid, quantity, status, request_status) VALUES (2, 'Connect to Postgres api', '2025-04-11 00:00:00', 'Connect database', 'auth0|67d992216b97b76f336bfaa5', 3, '2025-05-18 17:09:41.965', '2025-05-19 16:25:00.234', NULL, 1, false, '#FF5733', false, 4, 'DOING', 'PROCESSING');
INSERT INTO public.tasks (id, title, deadline, description, user_id, activity_id, created_at, updated_at, deleted_at, expense_id, billable, color, is_paid, quantity, status, request_status) VALUES (4, 'Implement auth API', '2025-04-11 00:00:00', 'Implement auth api', 'auth0|67e177af85bc3d00c9259b50', 2, '2025-05-19 17:16:02.407', '2025-05-21 17:14:01.338', NULL, 1, true, '#33ff41', false, 13, 'DOING', 'PROCESSING');
INSERT INTO public.tasks (id, title, deadline, description, user_id, activity_id, created_at, updated_at, deleted_at, expense_id, billable, color, is_paid, quantity, status, request_status) VALUES (5, 'Refactor code', '2025-04-11 00:00:00', 'Refactor', 'auth0|67e17804a2a92ff53f9911c1', 2, '2025-05-19 17:17:22.577', '2025-05-21 17:14:25.182', NULL, 2, true, '#33b1ff', false, 3, 'DOING', 'PROCESSING');
INSERT INTO public.tasks (id, title, deadline, description, user_id, activity_id, created_at, updated_at, deleted_at, expense_id, billable, color, is_paid, quantity, status, request_status) VALUES (6, 'A simple task', '2025-04-11 00:00:00', 'A task description', 'auth0|67f67b8e5b7c5d9bbc083877', 2, '2025-05-21 17:16:03.806', '2025-05-21 17:17:15.838', NULL, 1, true, '#FF5733', false, 2, 'DOING', 'PROCESSING');
INSERT INTO public.tasks (id, title, deadline, description, user_id, activity_id, created_at, updated_at, deleted_at, expense_id, billable, color, is_paid, quantity, status, request_status) VALUES (3, 'Write unit test', '2025-04-11 00:00:00', 'Demo description', 'auth0|6803de00c180a3420d8451f1', 2, '2025-05-19 16:13:28.059', '2025-05-21 17:22:54.494', NULL, 1, false, '#FF5733', false, 12, 'DONE', 'PROCESSING');
INSERT INTO public.tasks (id, title, deadline, description, user_id, activity_id, created_at, updated_at, deleted_at, expense_id, billable, color, is_paid, quantity, status, request_status) VALUES (1, 'Write unit test for Controller', '2025-04-11 00:00:00', 'Write unit test', 'auth0|67d99257463a53ee93784bb3', 2, '2025-05-18 17:08:20.721', '2025-05-22 17:06:55.317', NULL, 2, false, '#FF5733', false, 1, 'DONE', 'PROCESSING');
INSERT INTO public.tasks (id, title, deadline, description, user_id, activity_id, created_at, updated_at, deleted_at, expense_id, billable, color, is_paid, quantity, status, request_status) VALUES (7, 'Migrate database', '2025-04-11 00:00:00', 'Migrate MySQL to Postgres SQL ', 'auth0|6803dffac3438da2f9a1d856', 1, '2025-05-26 02:34:16.45', '2025-05-26 02:34:16.45', NULL, 2, true, '#c2f485', false, 4, 'DOING', 'PROCESSING');
INSERT INTO public.tasks (id, title, deadline, description, user_id, activity_id, created_at, updated_at, deleted_at, expense_id, billable, color, is_paid, quantity, status, request_status) VALUES (8, 'Test new feature', '2025-06-01 00:00:00', 'Test the new feature', 'auth0|67e17804a2a92ff53f9911c1', 4, '2025-05-22 20:30:00', '2025-05-22 20:30:00', NULL, 3, true, '#ff3380', false, 5, 'DOING', 'PROCESSING');
INSERT INTO public.tasks (id, title, deadline, description, user_id, activity_id, created_at, updated_at, deleted_at, expense_id, billable, color, is_paid, quantity, status, request_status) VALUES (9, 'Deploy to production', '2025-06-05 00:00:00', 'Deploy the app', 'auth0|67e441428781d3f24243d71a', 5, '2025-05-22 21:30:00', '2025-05-22 21:30:00', NULL, 4, true, '#33ff80', false, 2, 'DOING', 'PROCESSING');
INSERT INTO public.tasks (id, title, deadline, description, user_id, activity_id, created_at, updated_at, deleted_at, expense_id, billable, color, is_paid, quantity, status, request_status) VALUES (10, 'Design user interface mockups', '2025-06-15 00:00:00', 'Create UI mockups for e-commerce platform', 'auth0|67e17804a2a92ff53f9911c1', 6, '2025-05-26 12:00:00', '2025-05-26 12:00:00', NULL, 5, true, '#ff9933', false, 8, 'DOING', 'PROCESSING');
INSERT INTO public.tasks (id, title, deadline, description, user_id, activity_id, created_at, updated_at, deleted_at, expense_id, billable, color, is_paid, quantity, status, request_status) VALUES (11, 'Analyze customer purchase patterns', '2025-06-20 00:00:00', 'Analyze data for customer behavior insights', 'auth0|67e177af85bc3d00c9259b50', 7, '2025-05-26 13:00:00', '2025-05-26 13:00:00', NULL, 6, true, '#9933ff', false, 10, 'DOING', 'PROCESSING');
INSERT INTO public.tasks (id, title, deadline, description, user_id, activity_id, created_at, updated_at, deleted_at, expense_id, billable, color, is_paid, quantity, status, request_status) VALUES (12, 'Conduct security vulnerability assessment', '2025-06-25 00:00:00', 'Identify security vulnerabilities', 'auth0|67d99257463a53ee93784bb3', 8, '2025-05-26 14:00:00', '2025-05-26 14:00:00', NULL, 7, true, '#33ff99', false, 6, 'DOING', 'PROCESSING');
INSERT INTO public.tasks (id, title, deadline, description, user_id, activity_id, created_at, updated_at, deleted_at, expense_id, billable, color, is_paid, quantity, status, request_status) VALUES (13, 'Develop mobile app login screen', '2025-06-30 00:00:00', 'Create login screen for mobile app', 'auth0|67e177daa644c618cb3eb35e', 9, '2025-05-26 15:00:00', '2025-05-26 15:00:00', NULL, 8, true, '#ff3399', false, 7, 'DOING', 'PROCESSING');
INSERT INTO public.tasks (id, title, deadline, description, user_id, activity_id, created_at, updated_at, deleted_at, expense_id, billable, color, is_paid, quantity, status, request_status) VALUES (14, 'Setup cloud infrastructure', '2025-07-05 00:00:00', 'Configure cloud services', 'auth0|67e441428781d3f24243d71a', 10, '2025-05-26 16:00:00', '2025-05-26 16:00:00', NULL, 9, true, '#3399ff', false, 9, 'DOING', 'PROCESSING');
INSERT INTO public.tasks (id, title, deadline, description, user_id, activity_id, created_at, updated_at, deleted_at, expense_id, billable, color, is_paid, quantity, status, request_status) VALUES (15, 'Create project timeline', '2025-07-10 00:00:00', 'Develop project management timeline', 'auth0|6803de00c180a3420d8451f1', 5, '2025-05-26 17:00:00', '2025-05-26 17:00:00', NULL, 10, true, '#99ff33', false, 4, 'DOING', 'PROCESSING');
INSERT INTO public.tasks (id, title, deadline, description, user_id, activity_id, created_at, updated_at, deleted_at, expense_id, billable, color, is_paid, quantity, status, request_status) VALUES (16, 'Design product catalog', '2025-07-15 00:00:00', 'Design e-commerce product catalog', 'auth0|67f67b8e5b7c5d9bbc083877', 6, '2025-05-26 18:00:00', '2025-05-26 18:00:00', NULL, 5, true, '#ff9933', false, 6, 'DOING', 'PROCESSING');
INSERT INTO public.tasks (id, title, deadline, description, user_id, activity_id, created_at, updated_at, deleted_at, expense_id, billable, color, is_paid, quantity, status, request_status) VALUES (17, 'Create data visualization dashboard', '2025-07-20 00:00:00', 'Develop interactive data visualizations', 'auth0|67d992216b97b76f336bfaa5', 7, '2025-05-26 19:00:00', '2025-05-26 19:00:00', NULL, 6, true, '#9933ff', false, 8, 'DOING', 'PROCESSING');
INSERT INTO public.tasks (id, title, deadline, description, user_id, activity_id, created_at, updated_at, deleted_at, expense_id, billable, color, is_paid, quantity, status, request_status) VALUES (18, 'Implement encryption for sensitive data', '2025-07-25 00:00:00', 'Add encryption to protect user data', 'auth0|6803dffac3438da2f9a1d856', 8, '2025-05-26 20:00:00', '2025-05-26 20:00:00', NULL, 7, true, '#33ff99', false, 5, 'DOING', 'PROCESSING');
INSERT INTO public.tasks (id, title, deadline, description, user_id, activity_id, created_at, updated_at, deleted_at, expense_id, billable, color, is_paid, quantity, status, request_status) VALUES (19, 'Develop offline mode for mobile app', '2025-07-30 00:00:00', 'Implement offline functionality', 'auth0|67d991b80f7916d942e25d1d', 9, '2025-05-26 21:00:00', '2025-05-26 21:00:00', NULL, 8, true, '#ff3399', false, 7, 'DOING', 'PROCESSING');
INSERT INTO public.tasks (id, title, deadline, description, user_id, activity_id, created_at, updated_at, deleted_at, expense_id, billable, color, is_paid, quantity, status, request_status) VALUES (20, 'Setup automated backups', '2025-08-05 00:00:00', 'Configure cloud backup system', 'auth0|67e441428781d3f24243d71a', 10, '2025-05-26 22:00:00', '2025-05-26 22:00:00', NULL, 9, true, '#3399ff', false, 3, 'DOING', 'PROCESSING');

SELECT pg_catalog.setval('public.customers_id_seq', 10, true);
SELECT pg_catalog.setval('public.projects_id_seq', 10, true);
SELECT pg_catalog.setval('public.teams_id_seq', 10, true);
SELECT pg_catalog.setval('public.activities_id_seq', 10, true);
SELECT pg_catalog.setval('public.categories_id_seq', 10, true);
SELECT pg_catalog.setval('public.expenses_id_seq', 10, true);
SELECT pg_catalog.setval('public.requests_id_seq', 10, true);
SELECT pg_catalog.setval('public.tasks_id_seq', 20, true);

