---------------------- Truncate data of all tables ----------------------
DO $$
BEGIN
    EXECUTE (
        SELECT 'TRUNCATE TABLE ' || string_agg(format('%I.%I', schemaname, tablename), ', ') || ' CASCADE'
        FROM pg_tables
        WHERE schemaname = 'public'
    );
END $$;

INSERT INTO public.customers (id, name, color, description, address, company_name, account_number, vat_id, country, currency, timezone, email, phone, homepage, created_at, deleted_at, updated_at) VALUES (1, 'John Doe', '#FF5733', 'VIP customer', '123 Main St, New York, USA', 'Tech Corp', '1234567890', 'VAT123456', 'United Kingdom', 'USD', 'America/New_York', 'johndoe@gmail.com', '0212345678', 'https://johndoe.com', '2025-05-18 17:02:43.707', NULL, '2025-05-18 17:02:43.707'),
(2, 'Marrie Curiie', '#ff33be', 'Gold customer', '123 Main St, New York, USA', 'Tech Corp', '1234567890', 'VAT123456', 'United States', 'USD', 'Europe/London', 'marie_curreie@gmail.com', '0242342423', 'https://marrie-curiee.com', '2025-05-18 17:03:00.896', NULL, '2025-05-26 14:30:01.865'),
(3, 'Alan Hashley', '#4bff33', 'Business customer', '123 Main St, New York, USA', 'Tech Corp', '1234567890', 'VAT123456', 'Australia', 'USD', 'America/New_York', 'hashley@gmail.com', '0823123123', 'https://alan123.com', '2025-05-26 14:31:28.964', NULL, '2025-05-26 14:31:40'),
(4, 'Alice Smith', '#33ffb5', 'Regular customer', '456 Elm St, Los Angeles, USA', 'Alpha Inc', '9876543210', 'VAT654321', 'Japan', 'USD', 'Asia/Tokyo', 'alice@gmail.com', '0555123456', 'https://alice-smith.com', '2025-05-22 10:00:00', NULL, '2025-05-22 10:00:00'),
(5, 'Bob Johnson', '#ffb533', 'New customer', '789 Oak St, Chicago, USA', 'Beta LLC', '1122334455', 'VAT112233', 'China', 'USD', 'Asia/Ho_Chi_Minh', 'bob@gmail.com', '0759876543', 'https://bob-johnson.com', '2025-05-22 11:00:00', NULL, '2025-05-22 11:00:00'),
(6, 'Emily Chen', '#33a8ff', 'Premium customer', '101 Pine St, Toronto, Canada', 'Gamma Systems', '2233445566', 'VAT223344', 'Canada', 'CAD', 'America/Toronto', 'emily@gmail.com', '0612345678', 'https://emily-chen.com', '2025-05-23 09:30:00', NULL, '2025-05-23 09:30:00'),
(7, 'David Kim', '#8f33ff', 'Corporate customer', '202 Maple Ave, Sydney, Australia', 'Delta Corp', '3344556677', 'VAT334455', 'Australia', 'AUD', 'Australia/Sydney', 'david@gmail.com', '0498765432', 'https://david-kim.com', '2025-05-23 14:45:00', NULL, '2025-05-23 14:45:00'),
(8, 'Sophia Rodriguez', '#ff3385', 'Retail customer', '303 Cherry Blvd, London, UK', 'Epsilon Ltd', '4455667788', 'VAT445566', 'United Kingdom', 'GBP', 'Europe/London', 'sophia@gmail.com', '0776543210', 'https://sophia-rodriguez.com', '2025-05-24 08:15:00', NULL, '2025-05-24 08:15:00'),
(9, 'Michael Wang', '#33ff5e', 'Silver customer', '404 Birch Dr, Berlin, Germany', 'Zeta GmbH', '5566778899', 'VAT556677', 'Germany', 'EUR', 'Europe/Berlin', 'michael@gmail.com', '0155551234', 'https://michael-wang.com', '2025-05-24 12:00:00', NULL, '2025-05-24 12:00:00'),
(10, 'Olivia Patel', '#f0ff33', 'Priority customer', '505 Cedar Lane, Paris, France', 'Eta SA', '6677889900', 'VAT667788', 'France', 'EUR', 'Europe/Paris', 'olivia@gmail.com', '0633334444', 'https://olivia-patel.com', '2025-05-25 10:30:00', NULL, '2025-05-25 10:30:00'),
(11, 'James Lee', '#ff6633', 'Enterprise customer', '606 Spruce Court, Tokyo, Japan', 'Theta Inc', '7788990011', 'VAT778899', 'Japan', 'JPY', 'Asia/Tokyo', 'james@gmail.com', '0811112222', 'https://james-lee.com', '2025-05-25 16:45:00', NULL, '2025-05-25 16:45:00'),
(12, 'Emma Wilson', '#33fff1', 'Startup customer', '707 Oak Circle, Seoul, South Korea', 'Iota Ventures', '8899001122', 'VAT889900', 'South Korea', 'KRW', 'Asia/Seoul', 'emma@gmail.com', '0522223333', 'https://emma-wilson.com', '2025-05-26 09:00:00', NULL, '2025-05-26 09:00:00'),
(13, 'Noah Garcia', '#a133ff', 'Partner customer', '808 Pine Place, Mexico City, Mexico', 'Kappa SA', '9900112233', 'VAT990011', 'Mexico', 'MXN', 'America/Mexico_City', 'noah@gmail.com', '0944445555', 'https://noah-garcia.com', '2025-05-26 13:15:00', NULL, '2025-05-26 13:15:00'),
(14, 'Ava Brown', '#33c6ff', 'Standard customer', '909 Elm Road, Singapore, Singapore', 'Lambda Pte Ltd', '0011223344', 'VAT001122', 'Singapore', 'SGD', 'Asia/Singapore', 'ava@gmail.com', '0666667777', 'https://ava-brown.com', '2025-05-27 08:45:00', NULL, '2025-05-27 08:45:00'),
(15, 'William Taylor', '#ff3349', 'Wholesale customer', '1010 Maple Street, Dubai, UAE', 'Mu Trading', '1122334455', 'VAT112233', 'United Arab Emirates', 'AED', 'Asia/Dubai', 'william@gmail.com', '0488889999', 'https://william-taylor.com', '2025-05-27 14:30:00', NULL, '2025-05-27 14:30:00'),
(16, 'Sofia Muller', '#3366ff', 'Key customer', '111 Oak Ave, Stockholm, Sweden', 'Nu AB', '2233445566', 'VAT223344', 'Sweden', 'SEK', 'Europe/Stockholm', 'sofia@gmail.com', '0765432109', 'https://sofia-muller.com', '2025-05-28 09:15:00', NULL, '2025-05-28 09:15:00'),
(17, 'Chen Wei', '#ff6699', 'Large customer', '222 Pine Road, Shanghai, China', 'Xi Group', '3344556677', 'VAT334455', 'China', 'CNY', 'Asia/Shanghai', 'chen@gmail.com', '0135792468', 'https://chen-wei.com', '2025-05-28 13:45:00', NULL, '2025-05-28 13:45:00'),
(18, 'Lucas Fernandez', '#66ff33', 'Growing customer', '333 Elm Blvd, Madrid, Spain', 'Omicron SL', '4455667788', 'VAT445566', 'Spain', 'EUR', 'Europe/Madrid', 'lucas@gmail.com', '0698765432', 'https://lucas-fernandez.com', '2025-05-29 10:00:00', NULL, '2025-05-29 10:00:00'),
(19, 'Zoe Thompson', '#ff33cc', 'Loyal customer', '444 Maple Lane, Sao Paulo, Brazil', 'Pi Ltda', '5566778899', 'VAT556677', 'Brazil', 'BRL', 'America/Sao_Paulo', 'zoe@gmail.com', '0712345678', 'https://zoe-thompson.com', '2025-05-29 15:30:00', NULL, '2025-05-29 15:30:00'),
(20, 'Oscar Petersen', '#33ffdd', 'Returning customer', '555 Birch Street, Copenhagen, Denmark', 'Rho A/S', '6677889900', 'VAT667788', 'Denmark', 'DKK', 'Europe/Copenhagen', 'oscar@gmail.com', '0523456789', 'https://oscar-petersen.com', '2025-05-30 08:45:00', NULL, '2025-05-30 08:45:00'),
(21, 'Mia Tanaka', '#ddff33', 'High-value customer', '666 Cherry Ave, Osaka, Japan', 'Sigma Corp', '7788990011', 'VAT778899', 'Japan', 'JPY', 'Asia/Tokyo', 'mia@gmail.com', '0887654321', 'https://mia-tanaka.com', '2025-05-30 14:15:00', NULL, '2025-05-30 14:15:00'),
(22, 'Ethan Kumar', '#33bbff', 'Tech customer', '777 Spruce Road, Mumbai, India', 'Tau Tech', '8899001122', 'VAT889900', 'India', 'INR', 'Asia/Kolkata', 'ethan@gmail.com', '0956789012', 'https://ethan-kumar.com', '2025-05-31 09:30:00', NULL, '2025-05-31 09:30:00'),
(23, 'Isabella Rossi', '#ff3388', 'Retail partner', '888 Cedar Blvd, Rome, Italy', 'Upsilon SpA', '9900112233', 'VAT990011', 'Italy', 'EUR', 'Europe/Rome', 'isabella@gmail.com', '0363636363', 'https://isabella-rossi.com', '2025-05-31 16:00:00', NULL, '2025-05-31 16:00:00'),
(24, 'Leo Andersen', '#88ff33', 'Distributor', '999 Oak Circle, Oslo, Norway', 'Phi AS', '0011223344', 'VAT001122', 'Norway', 'NOK', 'Europe/Oslo', 'leo@gmail.com', '0474747474', 'https://leo-andersen.com', '2025-06-01 10:45:00', NULL, '2025-06-01 10:45:00'),
(25, 'Amelia Kowalski', '#3333ff', 'Supplier', '1111 Pine Court, Warsaw, Poland', 'Chi Ltd', '1122334455', 'VAT112233', 'Poland', 'PLN', 'Europe/Warsaw', 'amelia@gmail.com', '0585858585', 'https://amelia-kowalski.com', '2025-06-01 15:15:00', NULL, '2025-06-01 15:15:00'),
(26, 'Jackson Nguyen', '#ff9933', 'International customer', '1212 Maple Drive, Ho Chi Minh, Vietnam', 'Psi Corp', '2233445566', 'VAT223344', 'Vietnam', 'VND', 'Asia/Ho_Chi_Minh', 'jackson@gmail.com', '0696969696', 'https://jackson-nguyen.com', '2025-06-02 08:30:00', NULL, '2025-06-02 08:30:00'),
(27, 'Charlotte Kim', '#33ff99', 'Service customer', '1313 Cherry Lane, Seoul, South Korea', 'Omega Inc', '3344556677', 'VAT334455', 'South Korea', 'KRW', 'Asia/Seoul', 'charlotte@gmail.com', '0707070707', 'https://charlotte-kim.com', '2025-06-02 13:45:00', NULL, '2025-06-02 13:45:00'),
(28, 'Liam Gonzalez', '#cc33ff', 'Project customer', '1414 Elm Place, Mexico City, Mexico', 'Alpha Group', '4455667788', 'VAT445566', 'Mexico', 'MXN', 'America/Mexico_City', 'liam@gmail.com', '0818181818', 'https://liam-gonzalez.com', '2025-06-03 09:15:00', NULL, '2025-06-03 09:15:00'),
(29, 'Harper Santos', '#ff3333', 'Marketing customer', '1515 Oak Street, Lisbon, Portugal', 'Beta SA', '5566778899', 'VAT556677', 'Portugal', 'EUR', 'Europe/Lisbon', 'harper@gmail.com', '0929292929', 'https://harper-santos.com', '2025-06-03 14:30:00', NULL, '2025-06-03 14:30:00'),
(30, 'Mason Ivanov', '#33ffa8', 'Contract customer', '1616 Pine Avenue, Moscow, Russia', 'Gamma LLC', '6677889900', 'VAT667788', 'Russia', 'RUB', 'Europe/Moscow', 'mason@gmail.com', '0303030303', 'https://mason-ivanov.com', '2025-06-04 10:00:00', NULL, '2025-06-04 10:00:00'),
(31, 'Chloe Yamamoto', '#aaff33', 'Agency customer', '1717 Cherry Road, Tokyo, Japan', 'Delta Inc', '7788990011', 'VAT778899', 'Japan', 'JPY', 'Asia/Tokyo', 'chloe@gmail.com', '0414141414', 'https://chloe-yamamoto.com', '2025-06-04 15:45:00', NULL, '2025-06-04 15:45:00'),
(32, 'Elijah Singh', '#3355ff', 'Consulting customer', '1818 Maple Street, New Delhi, India', 'Epsilon Ltd', '8899001122', 'VAT889900', 'India', 'INR', 'Asia/Kolkata', 'elijah@gmail.com', '0525252525', 'https://elijah-singh.com', '2025-06-05 08:15:00', NULL, '2025-06-05 08:15:00'),
(33, 'Victoria Mendoza', '#ff33dd', 'Strategic customer', '1919 Oak Road, Buenos Aires, Argentina', 'Zeta SA', '9900112233', 'VAT990011', 'Argentina', 'ARS', 'America/Argentina/Buenos_Aires', 'victoria@gmail.com', '0636363636', 'https://victoria-mendoza.com', '2025-06-05 13:30:00', NULL, '2025-06-05 13:30:00'),
(34, 'Benjamin Schmidt', '#33ffee', 'Engineering customer', '2020 Pine Circle, Berlin, Germany', 'Eta GmbH', '0011223344', 'VAT001122', 'Germany', 'EUR', 'Europe/Berlin', 'benjamin@gmail.com', '0747474747', 'https://benjamin-schmidt.com', '2025-06-06 09:45:00', NULL, '2025-06-06 09:45:00'),
(35, 'Penelope Wang', '#eeff33', 'Educational customer', '2121 Elm Court, Beijing, China', 'Theta Group', '1122334455', 'VAT112233', 'China', 'CNY', 'Asia/Shanghai', 'penelope@gmail.com', '0858585858', 'https://penelope-wang.com', '2025-06-06 14:15:00', NULL, '2025-06-06 14:15:00'),
(36, 'Henry Costa', '#ff5533', 'Healthcare customer', '2222 Oak Avenue, Sao Paulo, Brazil', 'Iota Healthcare', '2233445566', 'VAT223344', 'Brazil', 'BRL', 'America/Sao_Paulo', 'henry@gmail.com', '0969696969', 'https://henry-costa.com', '2025-06-07 09:00:00', NULL, '2025-06-07 09:00:00'),
(37, 'Luna Park', '#33ff77', 'Manufacturing customer', '2323 Pine Street, Seoul, South Korea', 'Kappa Manufacturing', '3344556677', 'VAT334455', 'South Korea', 'KRW', 'Asia/Seoul', 'luna@gmail.com', '0370707070', 'https://luna-park.com', '2025-06-07 14:30:00', NULL, '2025-06-07 14:30:00'),
(38, 'Gabriel Martinez', '#7733ff', 'Financial customer', '2424 Cherry Lane, Madrid, Spain', 'Lambda Finance', '4455667788', 'VAT445566', 'Spain', 'EUR', 'Europe/Madrid', 'gabriel@gmail.com', '0481818181', 'https://gabriel-martinez.com', '2025-06-08 10:15:00', NULL, '2025-06-08 10:15:00'),
(39, 'Aria Khan', '#ff33aa', 'Hospitality customer', '2525 Maple Drive, Dubai, UAE', 'Mu Hospitality', '5566778899', 'VAT556677', 'United Arab Emirates', 'AED', 'Asia/Dubai', 'aria@gmail.com', '0592929292', 'https://aria-khan.com', '2025-06-08 15:45:00', NULL, '2025-06-08 15:45:00'),
(40, 'Carter Li', '#33ffcc', 'Real estate customer', '2626 Oak Road, Shanghai, China', 'Nu Properties', '6677889900', 'VAT667788', 'China', 'CNY', 'Asia/Shanghai', 'carter@gmail.com', '0603030303', 'https://carter-li.com', '2025-06-09 08:30:00', NULL, '2025-06-09 08:30:00'),
(41, 'Scarlett Jensen', '#ddff33', 'Insurance customer', '2727 Pine Lane, Stockholm, Sweden', 'Xi Insurance', '7788990011', 'VAT778899', 'Sweden', 'SEK', 'Europe/Stockholm', 'scarlett@gmail.com', '0714141414', 'https://scarlett-jensen.com', '2025-06-09 13:00:00', NULL, '2025-06-09 13:00:00'),
(42, 'Mateo Silva', '#3377ff', 'Shipping customer', '2828 Elm Street, Lisbon, Portugal', 'Omicron Shipping', '8899001122', 'VAT889900', 'Portugal', 'EUR', 'Europe/Lisbon', 'mateo@gmail.com', '0825252525', 'https://mateo-silva.com', '2025-06-10 09:45:00', NULL, '2025-06-10 09:45:00'),
(43, 'Layla Hussein', '#ff3366', 'Logistics customer', '2929 Oak Circle, Cairo, Egypt', 'Pi Logistics', '9900112233', 'VAT990011', 'Egypt', 'EGP', 'Africa/Cairo', 'layla@gmail.com', '0936363636', 'https://layla-hussein.com', '2025-06-10 14:15:00', NULL, '2025-06-10 14:15:00'),
(44, 'Julian Fischer', '#66ff33', 'Technology customer', '3030 Maple Avenue, Vienna, Austria', 'Rho Tech', '0011223344', 'VAT001122', 'Austria', 'EUR', 'Europe/Vienna', 'julian@gmail.com', '0447474747', 'https://julian-fischer.com', '2025-06-11 10:30:00', NULL, '2025-06-11 10:30:00'),
(45, 'Valentina Russo', '#33ccff', 'Research customer', '3131 Cherry Street, Rome, Italy', 'Sigma Research', '1122334455', 'VAT112233', 'Italy', 'EUR', 'Europe/Rome', 'valentina@gmail.com', '0558585858', 'https://valentina-russo.com', '2025-06-11 15:00:00', NULL, '2025-06-11 15:00:00'),
(46, 'Dominic Leroy', '#ff9933', 'Government customer', '3232 Pine Road, Paris, France', 'Tau Agency', '2233445566', 'VAT223344', 'France', 'EUR', 'Europe/Paris', 'dominic@gmail.com', '0669696969', 'https://dominic-leroy.com', '2025-06-12 09:15:00', NULL, '2025-06-12 09:15:00'),
(47, 'Ruby Wilson', '#aa33ff', 'Media customer', '3333 Oak Lane, London, UK', 'Upsilon Media', '3344556677', 'VAT334455', 'United Kingdom', 'GBP', 'Europe/London', 'ruby@gmail.com', '0770707070', 'https://ruby-wilson.com', '2025-06-12 14:45:00', NULL, '2025-06-12 14:45:00'),
(48, 'Leonardo Torres', '#33ff33', 'Entertainment customer', '3434 Elm Avenue, Barcelona, Spain', 'Phi Entertainment', '4455667788', 'VAT445566', 'Spain', 'EUR', 'Europe/Madrid', 'leonardo@gmail.com', '0881818181', 'https://leonardo-torres.com', '2025-06-13 10:00:00', NULL, '2025-06-13 10:00:00'),
(49, 'Aurora Nilsson', '#ff33ee', 'Pharmaceutical customer', '3535 Cherry Circle, Stockholm, Sweden', 'Chi Pharma', '5566778899', 'VAT556677', 'Sweden', 'SEK', 'Europe/Stockholm', 'aurora@gmail.com', '0992929292', 'https://aurora-nilsson.com', '2025-06-13 15:30:00', NULL, '2025-06-13 15:30:00'),
(50, 'Santiago Gomez', '#33ffff', 'Legal customer', '3636 Oak Road, Mexico City, Mexico', 'Psi Legal', '6677889900', 'VAT667788', 'Mexico', 'MXN', 'America/Mexico_City', 'santiago@gmail.com', '0303030304', 'https://santiago-gomez.com', '2025-06-14 09:45:00', NULL, '2025-06-14 09:45:00'),
(51, 'Stella Wong', '#ff3311', 'Retail chain', '3737 Elm Drive, Hong Kong, China', 'Omega Retail', '7788990011', 'VAT778899', 'Hong Kong', 'HKD', 'Asia/Hong_Kong', 'stella@gmail.com', '0414141415', 'https://stella-wong.com', '2025-06-14 14:15:00', NULL, '2025-06-14 14:15:00'),
(52, 'Maximiliano Lopez', '#44ff33', 'Construction customer', '3838 Pine Court, Buenos Aires, Argentina', 'Alpha Construction', '8899001122', 'VAT889900', 'Argentina', 'ARS', 'America/Argentina/Buenos_Aires', 'maximiliano@gmail.com', '0525252526', 'https://maximiliano-lopez.com', '2025-06-15 10:30:00', NULL, '2025-06-15 10:30:00'),
(53, 'Zara Ahmed', '#3322ff', 'Fashion customer', '3939 Oak Street, Dubai, UAE', 'Beta Fashion', '9900112233', 'VAT990011', 'United Arab Emirates', 'AED', 'Asia/Dubai', 'zara@gmail.com', '0636363637', 'https://zara-ahmed.com', '2025-06-15 15:00:00', NULL, '2025-06-15 15:00:00'),
(54, 'Anthony Dubois', '#ff7733', 'Digital customer', '4040 Cherry Avenue, Paris, France', 'Gamma Digital', '0011223344', 'VAT001122', 'France', 'EUR', 'Europe/Paris', 'anthony@gmail.com', '0747474748', 'https://anthony-dubois.com', '2025-06-16 09:15:00', NULL, '2025-06-16 09:15:00'),
(55, 'Clara Hoffmann', '#33ff88', 'Banking customer', '4141 Elm Lane, Berlin, Germany', 'Delta Banking', '1122334455', 'VAT112233', 'Germany', 'EUR', 'Europe/Berlin', 'clara@gmail.com', '0858585859', 'https://clara-hoffmann.com', '2025-06-16 14:45:00', NULL, '2025-06-16 14:45:00'),
(56, 'Felix Zhang', '#bb33ff', 'Agriculture customer', '4242 Pine Road, Beijing, China', 'Epsilon Agro', '2233445566', 'VAT223344', 'China', 'CNY', 'Asia/Shanghai', 'felix@gmail.com', '0969696970', 'https://felix-zhang.com', '2025-06-17 10:00:00', NULL, '2025-06-17 10:00:00'),
(57, 'Elena Popescu', '#ff3355', 'Energy customer', '4343 Oak Circle, Bucharest, Romania', 'Zeta Energy', '3344556677', 'VAT334455', 'Romania', 'RON', 'Europe/Bucharest', 'elena@gmail.com', '0370707071', 'https://elena-popescu.com', '2025-06-17 15:30:00', NULL, '2025-06-17 15:30:00'),
(58, 'Adrian Sato', '#55ff33', 'Security customer', '4444 Maple Avenue, Tokyo, Japan', 'Eta Security', '4455667788', 'VAT445566', 'Japan', 'JPY', 'Asia/Tokyo', 'adrian@gmail.com', '0481818182', 'https://adrian-sato.com', '2025-06-18 09:45:00', NULL, '2025-06-18 09:45:00'),
(59, 'Natalie Cooper', '#3366ff', 'Software customer', '4545 Elm Road, Sydney, Australia', 'Theta Software', '5566778899', 'VAT556677', 'Australia', 'AUD', 'Australia/Sydney', 'natalie@gmail.com', '0592929293', 'https://natalie-cooper.com', '2025-06-18 14:15:00', NULL, '2025-06-18 14:15:00'),
(60, 'Oliver Wilson', '#ff4422', 'Premium customer', '101 Pine Avenue, London, UK', 'Alpha Technologies', '1234567890', 'VAT123456', 'United Kingdom', 'GBP', 'Europe/London', 'oliver@gmail.com', '0711234567', 'https://oliver-wilson.com', '2025-06-19 09:00:00', NULL, '2025-06-19 09:00:00'),
(61, 'Sophia Martinez', '#22ff44', 'Enterprise customer', '202 Oak Street, Madrid, Spain', 'Beta Systems', '2345678901', 'VAT234567', 'Spain', 'EUR', 'Europe/Madrid', 'sophia@gmail.com', '0622345678', 'https://sophia-martinez.com', '2025-06-19 14:30:00', NULL, '2025-06-19 14:30:00'),
(62, 'Ethan Johnson', '#4422ff', 'Corporate customer', '303 Maple Road, New York, USA', 'Gamma Corp', '3456789012', 'VAT345678', 'United States', 'USD', 'America/New_York', 'ethan@gmail.com', '0533456789', 'https://ethan-johnson.com', '2025-06-20 10:15:00', NULL, '2025-06-20 10:15:00'),
(63, 'Isabella Kim', '#ff2244', 'VIP customer', '404 Birch Lane, Seoul, South Korea', 'Delta Inc', '4567890123', 'VAT456789', 'South Korea', 'KRW', 'Asia/Seoul', 'isabella@gmail.com', '0444567890', 'https://isabella-kim.com', '2025-06-20 15:45:00', NULL, '2025-06-20 15:45:00'),
(64, 'Lucas Wang', '#44ff22', 'Strategic customer', '505 Cedar Drive, Shanghai, China', 'Epsilon Group', '5678901234', 'VAT567890', 'China', 'CNY', 'Asia/Shanghai', 'lucas@gmail.com', '0355678901', 'https://lucas-wang.com', '2025-06-21 08:30:00', NULL, '2025-06-21 08:30:00'),
(65, 'Mia Singh', '#2244ff', 'Key account', '606 Elm Court, Mumbai, India', 'Zeta Ltd', '6789012345', 'VAT678901', 'India', 'INR', 'Asia/Kolkata', 'mia@gmail.com', '0266789012', 'https://mia-singh.com', '2025-06-21 13:00:00', NULL, '2025-06-21 13:00:00'),
(66, 'Alexander Garcia', '#ffaa22', 'Business customer', '707 Oak Circle, Mexico City, Mexico', 'Eta SA', '7890123456', 'VAT789012', 'Mexico', 'MXN', 'America/Mexico_City', 'alexander@gmail.com', '0177890123', 'https://alexander-garcia.com', '2025-06-22 09:45:00', NULL, '2025-06-22 09:45:00'),
(67, 'Charlotte Müller', '#22ffaa', 'Retail customer', '808 Pine Avenue, Berlin, Germany', 'Theta GmbH', '8901234567', 'VAT890123', 'Germany', 'EUR', 'Europe/Berlin', 'charlotte@gmail.com', '0988901234', 'https://charlotte-mueller.com', '2025-06-22 14:15:00', NULL, '2025-06-22 14:15:00'),
(68, 'Jacob Tanaka', '#aa22ff', 'Wholesale customer', '909 Cherry Street, Tokyo, Japan', 'Iota Corp', '9012345678', 'VAT901234', 'Japan', 'JPY', 'Asia/Tokyo', 'jacob@gmail.com', '0899012345', 'https://jacob-tanaka.com', '2025-06-23 10:30:00', NULL, '2025-06-23 10:30:00'),
(69, 'Amelia Rossi', '#22aaff', 'Distribution partner', '1010 Maple Boulevard, Rome, Italy', 'Kappa SpA', '0123456789', 'VAT012345', 'Italy', 'EUR', 'Europe/Rome', '70123456789', 'amelia@gmail.com', 'https://amelia-rossi.com', '2025-06-23 15:00:00', NULL, '2025-06-23 15:00:00'),
(70, 'Benjamin Lee', '#aaffaa', 'Service customer', '1111 Oak Lane, Hong Kong, China', 'Lambda Ltd', '1234567890', 'VAT123456', 'Hong Kong', 'HKD', 'Asia/Hong_Kong', 'benjamin@gmail.com', '0611234567', 'https://benjamin-lee.com', '2025-06-24 08:45:00', NULL, '2025-06-24 08:45:00'),
(71, 'Harper Nguyen', '#ffaaaa', 'Manufacturing customer', '1212 Pine Road, Ho Chi Minh, Vietnam', 'Mu Corp', '2345678901', 'VAT234567', 'Vietnam', 'VND', 'Asia/Ho_Chi_Minh', 'harper@gmail.com', '0522345678', 'https://harper-nguyen.com', '2025-06-24 13:30:00', NULL, '2025-06-24 13:30:00'),
(72, 'Daniel Smith', '#aaaaff', 'Finance customer', '1313 Cedar Avenue, Sydney, Australia', 'Nu Pty Ltd', '3456789012', 'VAT345678', 'Australia', 'AUD', 'Australia/Sydney', 'daniel@gmail.com', '0433456789', 'https://daniel-smith.com', '2025-06-25 09:15:00', NULL, '2025-06-25 09:15:00'),
(73, 'Sofia Brown', '#ffaaff', 'Technology partner', '1414 Elm Street, Toronto, Canada', 'Xi Systems', '4567890123', 'VAT456789', 'Canada', 'CAD', 'America/Toronto', 'sofia@gmail.com', '0344567890', 'https://sofia-brown.com', '2025-06-25 14:45:00', NULL, '2025-06-25 14:45:00'),
(74, 'Sebastian Rodriguez', '#aaffff', 'Research customer', '1515 Oak Drive, Sao Paulo, Brazil', 'Omicron Ltda', '5678901234', 'VAT567890', 'Brazil', 'BRL', 'America/Sao_Paulo', 'sebastian@gmail.com', '0255678901', 'https://sebastian-rodriguez.com', '2025-06-26 10:00:00', NULL, '2025-06-26 10:00:00'),
(75, 'Avery Petersen', '#884422', 'Educational customer', '1616 Maple Circle, Copenhagen, Denmark', 'Pi A/S', '6789012345', 'VAT678901', 'Denmark', 'DKK', 'Europe/Copenhagen', 'avery@gmail.com', '0166789012', 'https://avery-petersen.com', '2025-06-26 15:30:00', NULL, '2025-06-26 15:30:00'),
(76, 'Leo Fischer', '#228844', 'Government customer', '1717 Pine Lane, Vienna, Austria', 'Rho AG', '7890123456', 'VAT789012', 'Austria', 'EUR', 'Europe/Vienna', 'leo@gmail.com', '0977890123', 'https://leo-fischer.com', '2025-06-27 09:30:00', NULL, '2025-06-27 09:30:00'),
(77, 'Aria Williams', '#4488aa', 'Legal services customer', '1818 Oak Court, Stockholm, Sweden', 'Sigma AB', '8901234567', 'VAT890123', 'Sweden', 'SEK', 'Europe/Stockholm', 'aria@gmail.com', '0888901234', 'https://aria-williams.com', '2025-06-27 14:00:00', NULL, '2025-06-27 14:00:00'),
(78, 'Elijah Ahmed', '#aa4488', 'Medical customer', '1919 Cedar Place, Dubai, UAE', 'Tau LLC', '9012345678', 'VAT901234', 'United Arab Emirates', 'AED', 'Asia/Dubai', 'elijah@gmail.com', '0799012345', 'https://elijah-ahmed.com', '2025-06-28 10:15:00', NULL, '2025-06-28 10:15:00'),
(79, 'Zoe Thompson', '#884488', 'Insurance customer', '2020 Elm Avenue, Wellington, New Zealand', 'Upsilon Ltd', '0123456789', 'VAT012345', 'New Zealand', 'NZD', 'Pacific/Auckland', 'zoe@gmail.com', '0610123456', 'https://zoe-thompson.com', '2025-06-28 15:45:00', NULL, '2025-06-28 15:45:00'),
(80, 'Henry Zhang', '#dd6633', 'Logistics customer', '2121 Oak Road, Singapore, Singapore', 'Phi Pte Ltd', '1234567890', 'VAT123456', 'Singapore', 'SGD', 'Asia/Singapore', 'henry@gmail.com', '0521234567', 'https://henry-zhang.com', '2025-06-29 08:30:00', NULL, '2025-06-29 08:30:00'),
(81, 'Lily Martin', '#33dd66', 'Media customer', '2222 Pine Street, Paris, France', 'Chi SA', '2345678901', 'VAT234567', 'France', 'EUR', 'Europe/Paris', 'lily@gmail.com', '0432345678', 'https://lily-martin.com', '2025-06-29 13:00:00', NULL, '2025-06-29 13:00:00'),
(82, 'Gabriel Wong', '#6633dd', 'Consulting customer', '2323 Maple Boulevard, Zurich, Switzerland', 'Psi AG', '3456789012', 'VAT345678', 'Switzerland', 'CHF', 'Europe/Zurich', 'gabriel@gmail.com', '0343456789', 'https://gabriel-wong.com', '2025-06-30 09:45:00', NULL, '2025-06-30 09:45:00'),
(83, 'Luna Kowalski', '#dd33dd', 'Engineering customer', '2424 Oak Lane, Warsaw, Poland', 'Omega Ltd', '4567890123', 'VAT456789', 'Poland', 'PLN', 'Europe/Warsaw', 'luna@gmail.com', '0254567890', 'https://luna-kowalski.com', '2025-06-30 14:15:00', NULL, '2025-06-30 14:15:00'),
(84, 'Mateo Gonzalez', '#33dddd', 'Construction customer', '2525 Cedar Drive, Barcelona, Spain', 'Alpha SL', '5678901234', 'VAT567890', 'Spain', 'EUR', 'Europe/Madrid', 'mateo@gmail.com', '0165678901', 'https://mateo-gonzalez.com', '2025-07-01 10:30:00', NULL, '2025-07-01 10:30:00'),
(85, 'Nora Ivanova', '#ddddaa', 'Retail chain', '2626 Elm Court, Moscow, Russia', 'Beta LLC', '6789012345', 'VAT678901', 'Russia', 'RUB', 'Europe/Moscow', 'nora@gmail.com', '0976789012', 'https://nora-ivanova.com', '2025-07-01 15:00:00', NULL, '2025-07-01 15:00:00'),
(86, 'Jack Anderson', '#aadddd', 'Hospitality customer', '2727 Pine Circle, Oslo, Norway', 'Gamma AS', '7890123456', 'VAT789012', 'Norway', 'NOK', 'Europe/Oslo', 'jack@gmail.com', '0887890123', 'https://jack-anderson.com', '2025-07-02 08:45:00', NULL, '2025-07-02 08:45:00'),
(87, 'Eleanor Fernandez', '#dd99aa', 'Food industry customer', '2828 Oak Avenue, Lisbon, Portugal', 'Delta SA', '8901234567', 'VAT890123', 'Portugal', 'EUR', 'Europe/Lisbon', 'eleanor@gmail.com', '0798901234', 'https://eleanor-fernandez.com', '2025-07-02 13:30:00', NULL, '2025-07-02 13:30:00'),
(88, 'Hudson Taylor', '#aa99dd', 'Automotive customer', '2929 Maple Road, Johannesburg, South Africa', 'Epsilon Ltd', '9012345678', 'VAT901234', 'South Africa', 'ZAR', 'Africa/Johannesburg', 'hudson@gmail.com', '0609012345', 'https://hudson-taylor.com', '2025-07-03 09:15:00', NULL, '2025-07-03 09:15:00'),
(89, 'Violet Chen', '#99aadd', 'Textile customer', '3030 Cedar Lane, Taipei, Taiwan', 'Zeta Corp', '0123456789', 'VAT012345', 'Taiwan', 'TWD', 'Asia/Taipei', 'violet@gmail.com', '0510123456', 'https://violet-chen.com', '2025-07-03 14:45:00', NULL, '2025-07-03 14:45:00'),
(90, 'Felix Wilson', '#aa66bb', 'Transportation customer', '3131 Elm Boulevard, Amsterdam, Netherlands', 'Eta BV', '1234567890', 'VAT123456', 'Netherlands', 'EUR', 'Europe/Amsterdam', 'felix@gmail.com', '0421234567', 'https://felix-wilson.com', '2025-07-04 10:00:00', NULL, '2025-07-04 10:00:00'),
(91, 'Hazel Kumar', '#66bbaa', 'Energy customer', '3232 Oak Street, Mumbai, India', 'Theta Ltd', '2345678901', 'VAT234567', 'India', 'INR', 'Asia/Kolkata', 'hazel@gmail.com', '0332345678', 'https://hazel-kumar.com', '2025-07-04 15:30:00', NULL, '2025-07-04 15:30:00'),
(92, 'Miles Davis', '#bb66aa', 'Fashion customer', '3333 Pine Avenue, Milan, Italy', 'Iota SpA', '3456789012', 'VAT345678', 'Italy', 'EUR', 'Europe/Rome', 'miles@gmail.com', '0243456789', 'https://miles-davis.com', '2025-07-05 08:15:00', NULL, '2025-07-05 08:15:00'),
(93, 'Ruby Kim', '#bb99cc', 'Beauty industry customer', '3434 Cedar Road, Seoul, South Korea', 'Kappa Inc', '4567890123', 'VAT456789', 'South Korea', 'KRW', 'Asia/Seoul', 'ruby@gmail.com', '0154567890', 'https://ruby-kim.com', '2025-07-05 13:45:00', NULL, '2025-07-05 13:45:00'),
(94, 'Finn Jensen', '#99ccbb', 'Shipping customer', '3535 Elm Drive, Helsinki, Finland', 'Lambda Oy', '5678901234', 'VAT567890', 'Finland', 'EUR', 'Europe/Helsinki', 'finn@gmail.com', '0965678901', 'https://finn-jensen.com', '2025-07-06 09:30:00', NULL, '2025-07-06 09:30:00'),
(95, 'Eva Novak', '#cc99bb', 'Pharmaceutical customer', '3636 Oak Place, Prague, Czech Republic', 'Mu sro', '6789012345', 'VAT678901', 'Czech Republic', 'CZK', 'Europe/Prague', 'eva@gmail.com', '0876789012', 'https://eva-novak.com', '2025-07-06 14:00:00', NULL, '2025-07-06 14:00:00'),
(96, 'Theo Dubois', '#7755aa', 'Software customer', '3737 Pine Court, Brussels, Belgium', 'Nu SA', '7890123456', 'VAT789012', 'Belgium', 'EUR', 'Europe/Brussels', 'theo@gmail.com', '0787890123', 'https://theo-dubois.com', '2025-07-07 10:15:00', NULL, '2025-07-07 10:15:00'),
(97, 'Clara Santos', '#55aa77', 'Marketing agency', '3838 Maple Lane, Rio de Janeiro, Brazil', 'Xi Ltda', '8901234567', 'VAT890123', 'Brazil', 'BRL', 'America/Sao_Paulo', 'clara@gmail.com', '0698901234', 'https://clara-santos.com', '2025-07-07 15:45:00', NULL, '2025-07-07 15:45:00'),
(98, 'Julian Park', '#aa7755', 'Telecommunications customer', '3939 Cedar Avenue, Seoul, South Korea', 'Omicron Corp', '9012345678', 'VAT901234', 'South Korea', 'KRW', 'Asia/Seoul', 'julian@gmail.com', '0509012345', 'https://julian-park.com', '2025-07-08 08:30:00', NULL, '2025-07-08 08:30:00'),
(99, 'Stella Fischer', '#5577aa', 'Electronics customer', '4040 Oak Boulevard, Munich, Germany', 'Pi GmbH', '0123456789', 'VAT012345', 'Germany', 'EUR', 'Europe/Berlin', 'stella@gmail.com', '0410123456', 'https://stella-fischer.com', '2025-07-08 13:00:00', NULL, '2025-07-08 13:00:00'); 

INSERT INTO public.categories (id, name, description, created_at, updated_at, deleted_at, color) VALUES (1, 'Data Analysis', 'Analyze data', '2024-06-25 10:00:00', '2025-05-25 10:00:00', NULL, '#9933ff'),
(2, 'Security', 'Security related tasks', '2025-12-25 11:00:00', '2025-05-25 11:00:00', NULL, '#33ff99'),
(3, 'Mobile Development', 'Mobile app development', '2025-02-25 12:00:00', '2025-05-25 12:00:00', NULL, '#ff3399'),
(4, 'Cloud Infrastructure', 'Cloud setup and management', '2025-01-25 13:00:00', '2025-03-25 13:00:00', NULL, '#3399ff'),
(5, 'Project Management', 'Project management tasks', '2025-02-25 14:00:00', '2025-05-11 14:00:00', NULL, '#99ff33'),
(6, 'Web Development', 'Frontend and backend web development', '2025-03-15 15:00:00', '2025-06-20 15:00:00', NULL, '#ff6633'),
(7, 'Database Administration', 'Database maintenance and optimization', '2025-04-10 16:00:00', '2025-07-15 16:00:00', NULL, '#33ccff'),
(8, 'Quality Assurance', 'Testing and quality control', '2025-03-01 17:00:00', '2025-06-05 17:00:00', NULL, '#cc33ff'),
(9, 'DevOps', 'Development operations and automation', '2025-02-10 18:00:00', '2025-05-15 18:00:00', NULL, '#ffcc33'),
(10, 'UX/UI Design', 'User experience and interface design', '2025-01-15 19:00:00', '2025-04-20 19:00:00', NULL, '#33ff66'),
(11, 'Technical Documentation', 'Creating and maintaining documentation', '2025-04-25 20:00:00', '2025-07-30 20:00:00', NULL, '#ff3366'),
(12, 'API Development', 'Building and maintaining APIs', '2025-05-10 21:00:00', '2025-08-15 21:00:00', NULL, '#6633ff'),
(13, 'Machine Learning', 'AI and machine learning projects', '2025-03-20 22:00:00', '2025-06-25 22:00:00', NULL, '#ffff33'),
(14, 'System Architecture', 'System design and architecture planning', '2025-02-05 23:00:00', '2025-05-10 23:00:00', NULL, '#33ffcc'),
(15, 'Performance Optimization', 'Improving system performance', '2025-01-30 09:00:00', '2025-04-05 09:00:00', NULL, '#ff9933'),
(16, 'Cybersecurity', 'Network and application security', '2025-03-05 10:30:00', '2025-06-10 10:30:00', NULL, '#cc66ff'),
(17, 'Data Migration', 'Moving data between systems', '2025-04-15 11:30:00', '2025-07-20 11:30:00', NULL, '#ff9966'),
(18, 'Legacy System Maintenance', 'Supporting older systems', '2025-02-20 12:30:00', '2025-05-25 12:30:00', NULL, '#66ffcc'),
(19, 'Content Management', 'Website and content updates', '2025-01-10 13:30:00', '2025-04-15 13:30:00', NULL, '#ff66cc'),
(20, 'Blockchain Development', 'Working with blockchain technologies', '2025-05-05 14:30:00', '2025-08-10 14:30:00', NULL, '#ccff66'),
(21, 'IT Support', 'Technical support and troubleshooting', '2025-03-25 15:30:00', '2025-06-30 15:30:00', NULL, '#66ccff'),
(22, 'Network Administration', 'Managing network infrastructure', '2025-04-20 16:30:00', '2025-07-25 16:30:00', NULL, '#ffcc66'),
(23, 'Embedded Systems', 'Programming for embedded devices', '2025-02-15 17:30:00', '2025-05-20 17:30:00', NULL, '#66ffcc'),
(24, 'Customer Success', 'User onboarding and satisfaction', '2025-03-10 18:30:00', '2025-06-15 18:30:00', NULL, '#cc66ff'),
(25, 'Agile Coaching', 'Supporting agile methodology', '2025-05-15 19:30:00', '2025-08-20 19:30:00', NULL, '#ff6666'),
(26, 'IoT Development', 'Internet of Things application development', '2025-06-10 08:30:00', '2025-09-15 08:30:00', NULL, '#33ccaa'),
(27, 'Virtual Reality', 'VR application development', '2025-07-05 09:30:00', '2025-10-10 09:30:00', NULL, '#aa33cc'),
(28, 'Augmented Reality', 'AR application development', '2025-05-25 10:45:00', '2025-08-30 10:45:00', NULL, '#ccaa33'),
(29, 'Game Development', 'Video game programming', '2025-04-30 11:45:00', '2025-08-05 11:45:00', NULL, '#33aacc'),
(30, 'Serverless Architecture', 'Building serverless applications', '2025-06-15 12:45:00', '2025-09-20 12:45:00', NULL, '#cc33aa'),
(31, 'Big Data Processing', 'Handling large-scale data sets', '2025-07-10 13:45:00', '2025-10-15 13:45:00', NULL, '#aacc33'),
(32, 'Microservices', 'Developing microservice architectures', '2025-05-20 14:45:00', '2025-08-25 14:45:00', NULL, '#33aacc'),
(33, 'Code Review', 'Reviewing code quality and standards', '2025-04-25 15:45:00', '2025-07-30 15:45:00', NULL, '#cc33aa'),
(34, 'Continuous Integration', 'Setting up CI/CD pipelines', '2025-06-20 16:45:00', '2025-09-25 16:45:00', NULL, '#aacc33'),
(35, 'Automated Testing', 'Creating automated test suites', '2025-07-15 17:45:00', '2025-10-20 17:45:00', NULL, '#33aacc'),
(36, 'Cross-platform Development', 'Building apps for multiple platforms', '2025-05-30 18:45:00', '2025-09-05 18:45:00', NULL, '#cc33aa'),
(37, 'Data Visualization', 'Creating visual representations of data', '2025-04-05 19:45:00', '2025-07-10 19:45:00', NULL, '#aacc33'),
(38, 'IT Compliance', 'Ensuring regulatory compliance', '2025-06-25 20:45:00', '2025-09-30 20:45:00', NULL, '#33aacc'),
(39, 'Business Intelligence', 'Analytics for business decisions', '2025-07-20 21:45:00', '2025-10-25 21:45:00', NULL, '#cc33aa'),
(40, 'Voice User Interface', 'Voice recognition applications', '2025-05-05 22:45:00', '2025-08-10 22:45:00', NULL, '#aacc33'),
(41, 'Natural Language Processing', 'Processing and analyzing text data', '2025-06-30 08:15:00', '2025-10-05 08:15:00', NULL, '#66cc99'),
(42, 'Backend Development', 'Server-side application programming', '2025-07-25 09:15:00', '2025-11-01 09:15:00', NULL, '#cc9966'),
(43, 'Frontend Development', 'Client-side interface programming', '2025-05-15 10:15:00', '2025-08-20 10:15:00', NULL, '#9966cc'),
(44, 'Enterprise Resource Planning', 'ERP system implementation', '2025-04-10 11:15:00', '2025-07-15 11:15:00', NULL, '#66cc99'),
(45, 'Customer Relationship Management', 'CRM system development', '2025-06-05 12:15:00', '2025-09-10 12:15:00', NULL, '#cc9966'),
(46, 'Software Testing', 'Application testing methodologies', '2025-07-01 13:15:00', '2025-10-05 13:15:00', NULL, '#9966cc'),
(47, 'Desktop Application Development', 'Creating native desktop apps', '2025-05-10 14:15:00', '2025-08-15 14:15:00', NULL, '#66cc99'),
(48, 'Progressive Web Apps', 'Building advanced web applications', '2025-04-05 15:15:00', '2025-07-10 15:15:00', NULL, '#cc9966'),
(49, 'Code Optimization', 'Improving code efficiency', '2025-06-10 16:15:00', '2025-09-15 16:15:00', NULL, '#9966cc'),
(50, 'Database Design', 'Planning efficient database schemas', '2025-07-05 17:15:00', '2025-10-10 17:15:00', NULL, '#66cc99'),
(51, 'Linux Administration', 'Managing Linux systems', '2025-05-20 18:15:00', '2025-08-25 18:15:00', NULL, '#cc9966'),
(52, 'Windows Administration', 'Managing Windows systems', '2025-04-15 19:15:00', '2025-07-20 19:15:00', NULL, '#9966cc'),
(53, 'Cloud Security', 'Securing cloud-based systems', '2025-06-15 20:15:00', '2025-09-20 20:15:00', NULL, '#66cc99'),
(54, 'Data Ethics', 'Ethical handling of data', '2025-07-10 21:15:00', '2025-10-15 21:15:00', NULL, '#cc9966'),
(55, 'Software Architecture', 'High-level system design', '2025-05-25 22:15:00', '2025-08-30 22:15:00', NULL, '#9966cc'),
(56, 'Mobile App Design', 'Designing mobile interfaces', '2025-04-20 23:15:00', '2025-07-25 23:15:00', NULL, '#66cc99'),
(57, 'Technical Writing', 'Creating technical guides', '2025-06-20 08:45:00', '2025-09-25 08:45:00', NULL, '#cc9966'),
(58, 'AI Ethics', 'Ethical AI implementation', '2025-07-15 09:45:00', '2025-10-20 09:45:00', NULL, '#9966cc'),
(59, 'Edge Computing', 'Processing data at network edge', '2025-05-30 10:45:00', '2025-09-05 10:45:00', NULL, '#66cc99'),
(60, 'Quantum Computing', 'Advanced quantum system development', '2025-04-25 11:45:00', '2025-07-30 11:45:00', NULL, '#cc9966'),
(61, 'Natural Language Processing', 'Processing and analyzing text data', '2025-06-30 08:15:00', '2025-10-05 08:15:00', NULL, '#66cc99'),
(62, 'Backend Development', 'Server-side application programming', '2025-07-25 09:15:00', '2025-11-01 09:15:00', NULL, '#cc9966'),
(63, 'Frontend Development', 'Client-side interface programming', '2025-05-15 10:15:00', '2025-08-20 10:15:00', NULL, '#9966cc'),
(64, 'Enterprise Resource Planning', 'ERP system implementation', '2025-04-10 11:15:00', '2025-07-15 11:15:00', NULL, '#66cc99'),
(65, 'Customer Relationship Management', 'CRM system development', '2025-06-05 12:15:00', '2025-09-10 12:15:00', NULL, '#cc9966'),
(66, 'Software Testing', 'Application testing methodologies', '2025-07-01 13:15:00', '2025-10-05 13:15:00', NULL, '#9966cc'),
(67, 'Desktop Application Development', 'Creating native desktop apps', '2025-05-10 14:15:00', '2025-08-15 14:15:00', NULL, '#66cc99'),
(68, 'Progressive Web Apps', 'Building advanced web applications', '2025-04-05 15:15:00', '2025-07-10 15:15:00', NULL, '#cc9966'),
(69, 'Code Optimization', 'Improving code efficiency', '2025-06-10 16:15:00', '2025-09-15 16:15:00', NULL, '#9966cc'),
(70, 'Database Design', 'Planning efficient database schemas', '2025-07-05 17:15:00', '2025-10-10 17:15:00', NULL, '#66cc99'),
(71, 'Linux Administration', 'Managing Linux systems', '2025-05-20 18:15:00', '2025-08-25 18:15:00', NULL, '#cc9966'),
(72, 'Windows Administration', 'Managing Windows systems', '2025-04-15 19:15:00', '2025-07-20 19:15:00', NULL, '#9966cc'),
(73, 'Cloud Security', 'Securing cloud-based systems', '2025-06-15 20:15:00', '2025-09-20 20:15:00', NULL, '#66cc99'),
(74, 'Data Ethics', 'Ethical handling of data', '2025-07-10 21:15:00', '2025-10-15 21:15:00', NULL, '#cc9966'),
(75, 'Software Architecture', 'High-level system design', '2025-05-25 22:15:00', '2025-08-30 22:15:00', NULL, '#9966cc'),
(76, 'Mobile App Design', 'Designing mobile interfaces', '2025-04-20 23:15:00', '2025-07-25 23:15:00', NULL, '#66cc99'),
(77, 'Technical Writing', 'Creating technical guides', '2025-06-20 08:45:00', '2025-09-25 08:45:00', NULL, '#cc9966'),
(78, 'AI Ethics', 'Ethical AI implementation', '2025-07-15 09:45:00', '2025-10-20 09:45:00', NULL, '#9966cc'),
(79, 'Edge Computing', 'Processing data at network edge', '2025-05-30 10:45:00', '2025-09-05 10:45:00', NULL, '#66cc99'),
(80, 'Quantum Computing', 'Advanced quantum system development', '2025-04-25 11:45:00', '2025-07-30 11:45:00', NULL, '#cc9966');

INSERT INTO public.projects (id, name, color, project_number, order_number, order_date, start_date, end_date, budget, created_at, updated_at, deleted_at, customer_id) 
VALUES 
(1, 'Shop Store Website', '#ffe433', 101, 2023001, '2025-03-23 00:00:00', '2025-04-01 00:00:00', '2025-12-31 00:00:00', 50000, '2025-05-18 17:03:13', '2025-05-18 17:03:13', NULL, 91),
(2, 'Hospital Healthcare', '#5533ff', 102, 2023002, '2025-03-25 00:00:00', '2025-04-05 00:00:00', '2025-12-31 00:00:00', 75000, '2025-05-18 18:15:22', '2025-05-18 18:15:22', NULL, 94),
(3, 'Exam System', '#33b5ff', 103, 2023003, '2025-04-01 00:00:00', '2025-04-10 00:00:00', '2025-12-31 00:00:00', 60000, '2025-05-19 09:30:45', '2025-05-19 09:30:45', NULL, 98),
(4, 'Project Game for Children', '#b533ff', 104, 2023004, '2025-04-05 00:00:00', '2025-04-15 00:00:00', '2025-12-31 00:00:00', 55000, '2025-05-19 11:20:17', '2025-05-19 11:20:17', NULL, 97),
(5, 'E-commerce Platform', '#ff6600', 105, 2023005, '2025-04-10 00:00:00', '2025-04-20 00:00:00', '2025-12-31 00:00:00', 85000, '2025-05-19 14:45:33', '2025-05-19 14:45:33', NULL, 92),
(6, 'Mobile App Development', '#00ff66', 106, 2023006, '2025-04-15 00:00:00', '2025-04-25 00:00:00', '2025-12-31 00:00:00', 70000, '2025-05-20 10:15:50', '2025-05-20 10:15:50', NULL, 99),
(7, 'Data Analytics Dashboard', '#6600ff', 107, 2023007, '2025-04-20 00:00:00', '2025-05-01 00:00:00', '2025-12-31 00:00:00', 95000, '2025-05-20 16:30:25', '2025-05-20 16:30:25', NULL, 93),
(8, 'Security Audit', '#ff0066', 108, 2023008, '2025-04-25 00:00:00', '2025-05-05 00:00:00', '2025-12-31 00:00:00', 50000, '2025-05-21 09:45:12', '2025-05-21 09:45:12', NULL, 96),
(9, 'Learning Management System', '#66ff00', 109, 2023009, '2025-05-01 00:00:00', '2025-05-10 00:00:00', '2025-12-31 00:00:00', 75000, '2025-05-21 14:20:38', '2025-05-21 14:20:38', NULL, 91),
(10, 'Cloud Migration', '#0066ff', 110, 2023010, '2025-05-05 00:00:00', '2025-05-15 00:00:00', '2025-12-31 00:00:00', 110000, '2025-05-22 11:05:47', '2025-05-22 11:05:47', NULL, 92),
(11, 'AI Chatbot Implementation', '#ff3300', 111, 2023011, '2025-05-10 00:00:00', '2025-05-20 00:00:00', '2026-01-31 00:00:00', 65000, '2025-05-22 15:30:19', '2025-05-22 15:30:19', NULL, 94),
(12, 'Blockchain Integration', '#33ff33', 112, 2023012, '2025-05-15 00:00:00', '2025-05-25 00:00:00', '2026-01-31 00:00:00', 120000, '2025-05-23 08:45:51', '2025-05-23 08:45:51', NULL, 98),
(13, 'Virtual Reality Tour', '#9900cc', 113, 2023013, '2025-05-20 00:00:00', '2025-05-30 00:00:00', '2026-01-31 00:00:00', 85000, '2025-05-23 13:10:33', '2025-05-23 13:10:33', NULL, 93),
(14, 'Supply Chain Optimization', '#cc9900', 114, 2023014, '2025-05-25 00:00:00', '2025-06-05 00:00:00', '2026-01-31 00:00:00', 95000, '2025-05-24 09:25:48', '2025-05-24 09:25:48', NULL, 97),
(15, 'Customer Portal Redesign', '#00cccc', 115, 2023015, '2025-06-01 00:00:00', '2025-06-10 00:00:00', '2026-01-31 00:00:00', 70000, '2025-05-24 14:50:29', '2025-05-24 14:50:29', NULL, 91),
(16, 'Digital Marketing Campaign', '#ff66cc', 116, 2023016, '2025-06-05 00:00:00', '2025-06-15 00:00:00', '2026-01-31 00:00:00', 55000, '2025-05-25 10:15:42', '2025-05-25 10:15:42', NULL, 96),
(17, 'IoT Smart Office', '#66ccff', 117, 2023017, '2025-06-10 00:00:00', '2025-06-20 00:00:00', '2026-01-31 00:00:00', 125000, '2025-05-25 15:40:18', '2025-05-25 15:40:18', NULL, 92),
(18, 'Predictive Maintenance System', '#ffcc66', 118, 2023018, '2025-06-15 00:00:00', '2025-06-25 00:00:00', '2026-01-31 00:00:00', 80000, '2025-05-26 09:20:53', '2025-05-26 09:20:53', NULL, 99),
(19, 'Employee Training Platform', '#cc66ff', 119, 2023019, '2025-06-20 00:00:00', '2025-06-30 00:00:00', '2026-01-31 00:00:00', 65000, '2025-05-26 14:35:27', '2025-05-26 14:35:27', NULL, 97),
(20, 'Augmented Reality App', '#33cc33', 120, 2023020, '2025-06-25 00:00:00', '2025-07-05 00:00:00', '2026-01-31 00:00:00', 115000, '2025-05-27 10:50:15', '2025-05-27 10:50:15', NULL, 92),
(21, 'Financial Reporting Tool', '#3366ff', 121, 2023021, '2025-07-01 00:00:00', '2025-07-10 00:00:00', '2026-01-31 00:00:00', 75000, '2025-05-27 16:25:39', '2025-05-27 16:25:39', NULL, 94),
(22, 'Inventory Management System', '#ff9933', 122, 2023022, '2025-07-05 00:00:00', '2025-07-15 00:00:00', '2026-01-31 00:00:00', 90000, '2025-05-28 11:10:21', '2025-05-28 11:10:21', NULL, 96),
(23, 'Patient Monitoring Solution', '#33ff99', 123, 2023023, '2025-07-10 00:00:00', '2025-07-20 00:00:00', '2026-01-31 00:00:00', 105000, '2025-05-28 15:45:08', '2025-05-28 15:45:08', NULL, 89),
(24, 'Remote Collaboration Platform', '#9966ff', 124, 2023024, '2025-07-15 00:00:00', '2025-07-25 00:00:00', '2026-01-31 00:00:00', 70000, '2025-05-29 09:30:42', '2025-05-29 09:30:42', NULL, 91),
(25, 'Cybersecurity Enhancement', '#ff6699', 125, 2023025, '2025-07-20 00:00:00', '2025-07-30 00:00:00', '2026-01-31 00:00:00', 130000, '2025-05-29 14:15:37', '2025-05-29 14:15:37', NULL, 68),
(26, 'Document Management System', '#66ff99', 126, 2023026, '2025-07-25 00:00:00', '2025-08-05 00:00:00', '2026-01-31 00:00:00', 65000, '2025-05-30 10:40:19', '2025-05-30 10:40:19', NULL, 92),
(27, 'Customer Loyalty Program', '#cc3366', 127, 2023027, '2025-08-01 00:00:00', '2025-08-10 00:00:00', '2026-01-31 00:00:00', 85000, '2025-05-30 15:25:54', '2025-05-30 15:25:54', NULL, 97),
(28, 'Warehouse Automation', '#3399cc', 128, 2023028, '2025-08-05 00:00:00', '2025-08-15 00:00:00', '2026-01-31 00:00:00', 150000, '2025-05-31 11:50:28', '2025-05-31 11:50:28', NULL, 94),
(29, 'Sustainable Energy Monitoring', '#99cc33', 129, 2023029, '2025-08-10 00:00:00', '2025-08-20 00:00:00', '2026-01-31 00:00:00', 95000, '2025-05-31 16:35:13', '2025-05-31 16:35:13', NULL, 95),
(30, 'Real-time Analytics Platform', '#cc3399', 130, 2023030, '2025-08-15 00:00:00', '2025-08-25 00:00:00', '2026-01-31 00:00:00', 110000, '2025-06-01 09:20:47', '2025-06-01 09:20:47', NULL, 53),
(31, 'Voice Recognition System', '#33cc99', 131, 2023031, '2025-08-20 00:00:00', '2025-08-30 00:00:00', '2026-01-31 00:00:00', 80000, '2025-06-01 14:15:32', '2025-06-01 14:15:32', NULL, 85),
(32, 'Retail Analytics Solution', '#ff3366', 132, 2023032, '2025-08-25 00:00:00', '2025-09-05 00:00:00', '2026-02-28 00:00:00', 75000, '2025-06-02 10:30:18', '2025-06-02 10:30:18', NULL, 29),
(33, 'Smart Building System', '#33ffcc', 133, 2023033, '2025-09-01 00:00:00', '2025-09-10 00:00:00', '2026-02-28 00:00:00', 135000, '2025-06-02 15:45:54', '2025-06-02 15:45:54', NULL, 64),
(34, 'Logistics Optimization', '#cc33ff', 134, 2023034, '2025-09-05 00:00:00', '2025-09-15 00:00:00', '2026-02-28 00:00:00', 90000, '2025-06-03 09:20:36', '2025-06-03 09:20:36', NULL, 8),
(35, 'Market Research Platform', '#ffcc33', 135, 2023035, '2025-09-10 00:00:00', '2025-09-20 00:00:00', '2026-02-28 00:00:00', 65000, '2025-06-03 14:35:42', '2025-06-03 14:35:42', NULL, 49),
(36, 'Cloud-based ERP System', '#33ccff', 136, 2023036, '2025-09-15 00:00:00', '2025-09-25 00:00:00', '2026-02-28 00:00:00', 175000, '2025-06-04 10:50:27', '2025-06-04 10:50:27', NULL, 79),
(37, 'Content Management Platform', '#ff33cc', 137, 2023037, '2025-09-20 00:00:00', '2025-09-30 00:00:00', '2026-02-28 00:00:00', 70000, '2025-06-04 16:15:39', '2025-06-04 16:15:39', NULL, 33),
(38, 'Quality Assurance System', '#cc99ff', 138, 2023038, '2025-09-25 00:00:00', '2025-10-05 00:00:00', '2026-02-28 00:00:00', 85000, '2025-06-05 11:40:52', '2025-06-05 11:40:52', NULL, 57),
(39, 'Human Resources Portal', '#ffcc99', 139, 2023039, '2025-10-01 00:00:00', '2025-10-10 00:00:00', '2026-02-28 00:00:00', 65000, '2025-06-05 16:25:18', '2025-06-05 16:25:18', NULL, 17),
(40, 'Fleet Management Solution', '#99ffcc', 140, 2023040, '2025-10-05 00:00:00', '2025-10-15 00:00:00', '2026-02-28 00:00:00', 95000, '2025-06-06 10:10:33', '2025-06-06 10:10:33', NULL, 72),
(41, 'Enterprise Search Engine', '#ff9966', 141, 2023041, '2025-10-10 00:00:00', '2025-10-20 00:00:00', '2026-02-28 00:00:00', 120000, '2025-06-06 15:35:47', '2025-06-06 15:35:47', NULL, 26),
(42, 'Network Monitoring Tool', '#6699ff', 142, 2023042, '2025-10-15 00:00:00', '2025-10-25 00:00:00', '2026-02-28 00:00:00', 85000, '2025-06-07 11:20:12', '2025-06-07 11:20:12', NULL, 51),
(43, 'Real Estate Management System', '#ff6633', 143, 2023043, '2025-10-20 00:00:00', '2025-10-30 00:00:00', '2026-02-28 00:00:00', 105000, '2025-06-07 16:45:38', '2025-06-07 16:45:38', NULL, 90),
(44, 'Product Catalog Platform', '#33ff66', 144, 2023044, '2025-10-25 00:00:00', '2025-11-05 00:00:00', '2026-02-28 00:00:00', 75000, '2025-06-08 09:30:45', '2025-06-08 09:30:45', NULL, 45),
(45, 'Sales Analytics Dashboard', '#9933ff', 145, 2023045, '2025-11-01 00:00:00', '2025-11-10 00:00:00', '2026-02-28 00:00:00', 95000, '2025-06-08 14:55:21', '2025-06-08 14:55:21', NULL, 13),
(46, 'Accounting Software System', '#ff9933', 146, 2023046, '2025-11-05 00:00:00', '2025-11-15 00:00:00', '2026-02-28 00:00:00', 115000, '2025-06-09 10:40:52', '2025-06-09 10:40:52', NULL, 63),
(47, 'Project Management Tool', '#3399ff', 147, 2023047, '2025-11-10 00:00:00', '2025-11-20 00:00:00', '2026-02-28 00:00:00', 85000, '2025-06-09 15:25:17', '2025-06-09 15:25:17', NULL, 38),
(48, 'Video Conferencing Solution', '#ff3399', 148, 2023048, '2025-11-15 00:00:00', '2025-11-25 00:00:00', '2026-02-28 00:00:00', 95000, '2025-06-10 09:50:33', '2025-06-10 09:50:33', NULL, 80),
(49, 'Ticketing System', '#99ff33', 149, 2023049, '2025-11-20 00:00:00', '2025-11-30 00:00:00', '2026-02-28 00:00:00', 70000, '2025-06-10 14:35:49', '2025-06-10 14:35:49', NULL, 20),
(50, 'Business Intelligence Platform', '#3366cc', 150, 2023050, '2025-11-25 00:00:00', '2025-12-05 00:00:00', '2026-02-28 00:00:00', 140000, '2025-06-11 10:10:26', '2025-06-11 10:10:26', NULL, 55),
(51, 'Workflow Automation System', '#cc6633', 151, 2023051, '2025-12-01 00:00:00', '2025-12-10 00:00:00', '2026-03-31 00:00:00', 85000, '2025-06-11 15:45:37', '2025-06-11 15:45:37', NULL, 2),
(52, 'Legal Document Management', '#33cc66', 152, 2023052, '2025-12-05 00:00:00', '2025-12-15 00:00:00', '2026-03-31 00:00:00', 75000, '2025-06-12 09:20:54', '2025-06-12 09:20:54', NULL, 69),
(53, 'CRM Integration Project', '#cc33cc', 153, 2023053, '2025-12-10 00:00:00', '2025-12-20 00:00:00', '2026-03-31 00:00:00', 95000, '2025-06-12 14:35:18', '2025-06-12 14:35:18', NULL, 34),
(54, 'Data Warehousing Solution', '#33cccc', 154, 2023054, '2025-12-15 00:00:00', '2025-12-25 00:00:00', '2026-03-31 00:00:00', 130000, '2025-06-13 10:50:42', '2025-06-13 10:50:42', NULL, 78),
(55, 'Medical Records System', '#cc6699', 155, 2023055, '2025-12-20 00:00:00', '2025-12-30 00:00:00', '2026-03-31 00:00:00', 120000, '2025-06-13 15:25:33', '2025-06-13 15:25:33', NULL, 10),
(56, 'Machine Learning Platform', '#6633cc', 156, 2023056, '2025-12-25 00:00:00', '2026-01-05 00:00:00', '2026-03-31 00:00:00', 155000, '2025-06-14 11:10:18', '2025-06-14 11:10:18', NULL, 46),
(57, 'Compliance Monitoring Tool', '#cc9966', 157, 2023057, '2026-01-01 00:00:00', '2026-01-10 00:00:00', '2026-03-31 00:00:00', 80000, '2025-06-14 16:35:27', '2025-06-14 16:35:27', NULL, 83),
(58, 'API Gateway Implementation', '#66cc33', 158, 2023058, '2026-01-05 00:00:00', '2026-01-15 00:00:00', '2026-03-31 00:00:00', 90000, '2025-06-15 09:20:35', '2025-06-15 09:20:35', NULL, 30),
(59, 'Data Privacy Framework', '#3366ff', 159, 2023059, '2026-01-10 00:00:00', '2026-01-20 00:00:00', '2026-03-31 00:00:00', 115000, '2025-06-15 14:45:42', '2025-06-15 14:45:42', NULL, 56),
(60, 'Enterprise Mobile Platform', '#ff6699', 160, 2023060, '2026-01-15 00:00:00', '2026-01-25 00:00:00', '2026-03-31 00:00:00', 125000, '2025-06-16 10:30:18', '2025-06-16 10:30:18', NULL, 88),
(61, 'Healthcare Analytics Platform', '#cc3355', 161, 2023061, '2026-01-20 00:00:00', '2026-01-30 00:00:00', '2026-03-31 00:00:00', 135000, '2025-06-16 15:45:36', '2025-06-16 15:45:36', NULL, 42),
(62, 'Fraud Detection System', '#55cc33', 162, 2023062, '2026-01-25 00:00:00', '2026-02-05 00:00:00', '2026-03-31 00:00:00', 110000, '2025-06-17 09:20:48', '2025-06-17 09:20:48', NULL, 75),
(63, 'Knowledge Management Platform', '#3355cc', 163, 2023063, '2026-02-01 00:00:00', '2026-02-10 00:00:00', '2026-03-31 00:00:00', 85000, '2025-06-17 14:35:22', '2025-06-17 14:35:22', NULL, 23),
(64, 'Manufacturing Execution System', '#cc5533', 164, 2023064, '2026-02-05 00:00:00', '2026-02-15 00:00:00', '2026-04-30 00:00:00', 175000, '2025-06-18 10:50:14', '2025-06-18 10:50:14', NULL, 59),
(65, 'Student Information System', '#33ccaa', 165, 2023065, '2026-02-10 00:00:00', '2026-02-20 00:00:00', '2026-04-30 00:00:00', 95000, '2025-06-18 15:25:36', '2025-06-18 15:25:36', NULL, 11),
(66, 'Virtual Desktop Infrastructure', '#aa33cc', 166, 2023066, '2026-02-15 00:00:00', '2026-02-25 00:00:00', '2026-04-30 00:00:00', 140000, '2025-06-19 09:40:52', '2025-06-19 09:40:52', NULL, 84),
(67, 'Electronic Health Records', '#ccaa33', 167, 2023067, '2026-02-20 00:00:00', '2026-03-01 00:00:00', '2026-04-30 00:00:00', 120000, '2025-06-19 14:15:27', '2025-06-19 14:15:27', NULL, 40),
(68, 'Geospatial Analysis Tool', '#33aacc', 168, 2023068, '2026-02-25 00:00:00', '2026-03-05 00:00:00', '2026-04-30 00:00:00', 105000, '2025-06-20 10:30:42', '2025-06-20 10:30:42', NULL, 67),
(69, 'Customer Feedback System', '#cc33aa', 169, 2023069, '2026-03-01 00:00:00', '2026-03-10 00:00:00', '2026-04-30 00:00:00', 75000, '2025-06-20 15:55:18', '2025-06-20 15:55:18', NULL, 18),
(70, 'Resource Planning Platform', '#77cc33', 170, 2023070, '2026-03-05 00:00:00', '2026-03-15 00:00:00', '2026-04-30 00:00:00', 130000, '2025-06-21 11:20:36', '2025-06-21 11:20:36', NULL, 50),
(71, 'Telecommunication Billing System', '#3377cc', 171, 2023071, '2026-03-10 00:00:00', '2026-03-20 00:00:00', '2026-04-30 00:00:00', 145000, '2025-06-21 16:45:52', '2025-06-21 16:45:52', NULL, 86),
(72, 'Digital Asset Management', '#cc3377', 172, 2023072, '2026-03-15 00:00:00', '2026-03-25 00:00:00', '2026-04-30 00:00:00', 90000, '2025-06-22 09:30:17', '2025-06-22 09:30:17', NULL, 32),
(73, 'Laboratory Information System', '#33cc77', 173, 2023073, '2026-03-20 00:00:00', '2026-03-30 00:00:00', '2026-04-30 00:00:00', 115000, '2025-06-22 14:55:43', '2025-06-22 14:55:43', NULL, 65),
(74, 'Enterprise Resource Planning', '#7733cc', 174, 2023074, '2026-03-25 00:00:00', '2026-04-05 00:00:00', '2026-04-30 00:00:00', 190000, '2025-06-23 10:20:28', '2025-06-23 10:20:28', NULL, 4),
(75, 'Regulatory Compliance Tool', '#cc7733', 175, 2023075, '2026-04-01 00:00:00', '2026-04-10 00:00:00', '2026-05-31 00:00:00', 80000, '2025-06-23 15:45:14', '2025-06-23 15:45:14', NULL, 48),
(76, 'Claims Processing System', '#ddbb44', 176, 2023076, '2026-04-05 00:00:00', '2026-04-15 00:00:00', '2026-05-31 00:00:00', 125000, '2025-06-24 09:30:32', '2025-06-24 09:30:32', NULL, 73),
(77, 'Energy Management Platform', '#44ddbb', 177, 2023077, '2026-04-10 00:00:00', '2026-04-20 00:00:00', '2026-05-31 00:00:00', 110000, '2025-06-24 14:55:48', '2025-06-24 14:55:48', NULL, 27),
(78, 'Marketing Automation Tool', '#bb44dd', 178, 2023078, '2026-04-15 00:00:00', '2026-04-25 00:00:00', '2026-05-31 00:00:00', 85000, '2025-06-25 10:20:23', '2025-06-25 10:20:23', NULL, 61),
(79, 'Financial Trading Platform', '#44bbdd', 179, 2023079, '2026-04-20 00:00:00', '2026-04-30 00:00:00', '2026-05-31 00:00:00', 165000, '2025-06-25 15:45:37', '2025-06-25 15:45:37', NULL, 15),
(80, 'Payroll Management System', '#ddaa55', 180, 2023080, '2026-04-25 00:00:00', '2026-05-05 00:00:00', '2026-05-31 00:00:00', 95000, '2025-06-26 11:10:52', '2025-06-26 11:10:52', NULL, 44),
(81, 'Disaster Recovery Solution', '#55ddaa', 181, 2023081, '2026-05-01 00:00:00', '2026-05-10 00:00:00', '2026-05-31 00:00:00', 130000, '2025-06-26 16:35:18', '2025-06-26 16:35:18', NULL, 79),
(82, 'Building Information Modeling', '#aa55dd', 182, 2023082, '2026-05-05 00:00:00', '2026-05-15 00:00:00', '2026-05-31 00:00:00', 115000, '2025-06-27 09:50:33', '2025-06-27 09:50:33', NULL, 21),
(83, 'Supply Management Dashboard', '#5599dd', 183, 2023083, '2026-05-10 00:00:00', '2026-05-20 00:00:00', '2026-05-31 00:00:00', 85000, '2025-06-27 15:15:47', '2025-06-27 15:15:47', NULL, 56),
(84, 'Restaurant Management System', '#dd5599', 184, 2023084, '2026-05-15 00:00:00', '2026-05-25 00:00:00', '2026-05-31 00:00:00', 70000, '2025-06-28 10:40:12', '2025-06-28 10:40:12', NULL, 89),
(85, 'Multi-channel Commerce Platform', '#99dd55', 185, 2023085, '2026-05-20 00:00:00', '2026-05-30 00:00:00', '2026-06-30 00:00:00', 145000, '2025-06-28 16:05:38', '2025-06-28 16:05:38', NULL, 36),
(86, 'Event Management Solution', '#5577dd', 186, 2023086, '2026-05-25 00:00:00', '2026-06-05 00:00:00', '2026-06-30 00:00:00', 75000, '2025-06-29 11:30:52', '2025-06-29 11:30:52', NULL, 5),
(87, 'Facility Management System', '#dd7755', 187, 2023087, '2026-06-01 00:00:00', '2026-06-10 00:00:00', '2026-06-30 00:00:00', 110000, '2025-06-29 16:55:17', '2025-06-29 16:55:17', NULL, 71),
(88, 'Online Learning Platform', '#55dd77', 188, 2023088, '2026-06-05 00:00:00', '2026-06-15 00:00:00', '2026-06-30 00:00:00', 95000, '2025-06-30 09:20:33', '2025-06-30 09:20:33', NULL, 28),
(89, 'Risk Assessment Framework', '#7755dd', 189, 2023089, '2026-06-10 00:00:00', '2026-06-20 00:00:00', '2026-06-30 00:00:00', 120000, '2025-06-30 14:45:48', '2025-06-30 14:45:48', NULL, 60),
(90, 'Public Transit Monitoring', '#cc8866', 190, 2023090, '2026-06-15 00:00:00', '2026-06-25 00:00:00', '2026-06-30 00:00:00', 100000, '2025-07-01 10:10:22', '2025-07-01 10:10:22', NULL, 94),
(91, 'Smart Retail Analytics', '#66cc88', 191, 2023091, '2026-06-20 00:00:00', '2026-06-30 00:00:00', '2026-07-31 00:00:00', 135000, '2025-07-01 15:35:37', '2025-07-01 15:35:37', NULL, 47),
(92, 'Hotel Management System', '#8866cc', 192, 2023092, '2026-06-25 00:00:00', '2026-07-05 00:00:00', '2026-07-31 00:00:00', 90000, '2025-07-02 11:00:42', '2025-07-02 11:00:42', NULL, 81),
(93, 'Healthcare Scheduling Platform', '#cc6688', 193, 2023093, '2026-07-01 00:00:00', '2026-07-10 00:00:00', '2026-07-31 00:00:00', 70000, '2025-07-02 16:25:18', '2025-07-02 16:25:18', NULL, 35),
(94, 'Transportation Management System', '#66aadd', 194, 2023094, '2026-07-05 00:00:00', '2026-07-15 00:00:00', '2026-07-31 00:00:00', 155000, '2025-07-03 09:50:33', '2025-07-03 09:50:33', NULL, 69),
(95, 'Asset Tracking Solution', '#ddaa66', 195, 2023095, '2026-07-10 00:00:00', '2026-07-20 00:00:00', '2026-07-31 00:00:00', 85000, '2025-07-03 15:15:47', '2025-07-03 15:15:47', NULL, 19),
(96, 'Environmental Monitoring System', '#aa66dd', 196, 2023096, '2026-07-15 00:00:00', '2026-07-25 00:00:00', '2026-07-31 00:00:00', 105000, '2025-07-04 10:40:22', '2025-07-04 10:40:22', NULL, 52),
(97, 'Biometric Authentication System', '#66ddaa', 197, 2023097, '2026-07-20 00:00:00', '2026-07-30 00:00:00', '2026-07-31 00:00:00', 95000, '2025-07-04 16:05:37', '2025-07-04 16:05:37', NULL, 87),
(98, 'Tax Calculation Software', '#bb5588', 198, 2023098, '2026-07-25 00:00:00', '2026-08-05 00:00:00', '2026-08-31 00:00:00', 75000, '2025-07-05 11:30:42', '2025-07-05 11:30:42', NULL, 31),
(99, 'Fleet Tracking System', '#55bb88', 199, 2023099, '2026-08-01 00:00:00', '2026-08-10 00:00:00', '2026-08-31 00:00:00', 115000, '2025-07-05 16:55:18', '2025-07-05 16:55:18', NULL, 94),
(100, 'Procurement Management Platform', '#8855bb', 200, 2023100, '2026-08-05 00:00:00', '2026-08-15 00:00:00', '2026-08-31 00:00:00', 125000, '2025-07-06 09:20:33', '2025-07-06 09:20:33', NULL, 96),
(101, 'Warehouse Inventory System', '#885522', 201, 2023101, '2026-08-10 00:00:00', '2026-08-20 00:00:00', '2026-08-31 00:00:00', 110000, '2025-07-07 10:15:22', '2025-07-07 10:15:22', NULL, 91),
(102, 'Patient Portal Development', '#228855', 202, 2023102, '2026-08-15 00:00:00', '2026-08-25 00:00:00', '2026-09-30 00:00:00', 95000, '2025-07-07 15:40:37', '2025-07-07 15:40:37', NULL, 92),
(103, 'Financial Forecasting Tool', '#5522bb', 203, 2023103, '2026-08-20 00:00:00', '2026-08-30 00:00:00', '2026-09-30 00:00:00', 135000, '2025-07-08 09:25:48', '2025-07-08 09:25:48', NULL, 93),
(104, 'Shipping Logistics Platform', '#bb2255', 204, 2023104, '2026-08-25 00:00:00', '2026-09-05 00:00:00', '2026-09-30 00:00:00', 120000, '2025-07-08 14:50:33', '2025-07-08 14:50:33', NULL, 94),
(105, 'Attendance Tracking System', '#22bb55', 205, 2023105, '2026-09-01 00:00:00', '2026-09-10 00:00:00', '2026-09-30 00:00:00', 80000, '2025-07-09 10:15:42', '2025-07-09 10:15:42', NULL, 95),
(106, 'Customer Support Platform', '#5588bb', 206, 2023106, '2026-09-05 00:00:00', '2026-09-15 00:00:00', '2026-09-30 00:00:00', 105000, '2025-07-09 15:40:18', '2025-07-09 15:40:18', NULL, 96),
(107, 'Expense Management Solution', '#bb5588', 207, 2023107, '2026-09-10 00:00:00', '2026-09-20 00:00:00', '2026-09-30 00:00:00', 90000, '2025-07-10 09:25:33', '2025-07-10 09:25:33', NULL, 97),
(108, 'Subscription Billing System', '#88bb55', 208, 2023108, '2026-09-15 00:00:00', '2026-09-25 00:00:00', '2026-10-31 00:00:00', 115000, '2025-07-10 14:50:47', '2025-07-10 14:50:47', NULL, 98),
(109, 'Inventory Forecasting Tool', '#5522cc', 209, 2023109, '2026-09-20 00:00:00', '2026-09-30 00:00:00', '2026-10-31 00:00:00', 100000, '2025-07-11 10:15:22', '2025-07-11 10:15:22', NULL, 99),
(110, 'Contract Management System', '#cc2255', 210, 2023110, '2026-09-25 00:00:00', '2026-10-05 00:00:00', '2026-10-31 00:00:00', 85000, '2025-07-11 15:40:37', '2025-07-11 15:40:37', NULL, 90),
(111, 'Vendor Management Platform', '#22cc55', 211, 2023111, '2026-10-01 00:00:00', '2026-10-10 00:00:00', '2026-10-31 00:00:00', 95000, '2025-07-12 09:25:48', '2025-07-12 09:25:48', NULL, 91),
(112, 'Clinical Trial Management', '#5566cc', 212, 2023112, '2026-10-05 00:00:00', '2026-10-15 00:00:00', '2026-10-31 00:00:00', 140000, '2025-07-12 14:50:33', '2025-07-12 14:50:33', NULL, 92),
(113, 'Budget Planning System', '#cc6655', 213, 2023113, '2026-10-10 00:00:00', '2026-10-20 00:00:00', '2026-10-31 00:00:00', 75000, '2025-07-13 10:15:42', '2025-07-13 10:15:42', NULL, 93),
(114, 'Performance Monitoring Tool', '#55cc66', 214, 2023114, '2026-10-15 00:00:00', '2026-10-25 00:00:00', '2026-10-31 00:00:00', 110000, '2025-07-13 15:40:18', '2025-07-13 15:40:18', NULL, 94),
(115, 'Asset Management System', '#6655cc', 215, 2023115, '2026-10-20 00:00:00', '2026-10-30 00:00:00', '2026-11-30 00:00:00', 125000, '2025-07-14 09:25:33', '2025-07-14 09:25:33', NULL, 95),
(116, 'Incident Response Platform', '#cc5566', 216, 2023116, '2026-10-25 00:00:00', '2026-11-05 00:00:00', '2026-11-30 00:00:00', 95000, '2025-07-14 14:50:47', '2025-07-14 14:50:47', NULL, 96),
(117, 'Benefits Administration System', '#66cc55', 217, 2023117, '2026-11-01 00:00:00', '2026-11-10 00:00:00', '2026-11-30 00:00:00', 85000, '2025-07-15 10:15:22', '2025-07-15 10:15:22', NULL, 97),
(118, 'Logistics Route Optimization', '#5566aa', 218, 2023118, '2026-11-05 00:00:00', '2026-11-15 00:00:00', '2026-11-30 00:00:00', 130000, '2025-07-15 15:40:37', '2025-07-15 15:40:37', NULL, 98),
(119, 'Customer Analytics Dashboard', '#aa5566', 219, 2023119, '2026-11-10 00:00:00', '2026-11-20 00:00:00', '2026-11-30 00:00:00', 105000, '2025-07-16 09:25:48', '2025-07-16 09:25:48', NULL, 99),
(120, 'Procurement Analytics Tool', '#66aa55', 220, 2023120, '2026-11-15 00:00:00', '2026-11-25 00:00:00', '2026-11-30 00:00:00', 90000, '2025-07-16 14:50:33', '2025-07-16 14:50:33', NULL, 90),
(121, 'Digital Signature Platform', '#5599aa', 221, 2023121, '2026-11-20 00:00:00', '2026-11-30 00:00:00', '2026-12-31 00:00:00', 75000, '2025-07-17 10:15:42', '2025-07-17 10:15:42', NULL, 91),
(122, 'Telemedicine Platform', '#aa9955', 222, 2023122, '2026-11-25 00:00:00', '2026-12-05 00:00:00', '2026-12-31 00:00:00', 145000, '2025-07-17 15:40:18', '2025-07-17 15:40:18', NULL, 92),
(123, 'Grant Management System', '#9955aa', 223, 2023123, '2026-12-01 00:00:00', '2026-12-10 00:00:00', '2026-12-31 00:00:00', 85000, '2025-07-18 09:25:33', '2025-07-18 09:25:33', NULL, 93),
(124, 'Delivery Route Optimization', '#55aa99', 224, 2023124, '2026-12-05 00:00:00', '2026-12-15 00:00:00', '2026-12-31 00:00:00', 110000, '2025-07-18 14:50:47', '2025-07-18 14:50:47', NULL, 94),
(125, 'Membership Management System', '#aa5599', 225, 2023125, '2026-12-10 00:00:00', '2026-12-20 00:00:00', '2026-12-31 00:00:00', 70000, '2025-07-19 10:15:22', '2025-07-19 10:15:22', NULL, 95),
(126, 'Donation Management Platform', '#99aa55', 226, 2023126, '2026-12-15 00:00:00', '2026-12-25 00:00:00', '2026-12-31 00:00:00', 95000, '2025-07-19 15:40:37', '2025-07-19 15:40:37', NULL, 96),
(127, 'Scheduling Optimization Tool', '#5577aa', 227, 2023127, '2026-12-20 00:00:00', '2026-12-30 00:00:00', '2027-01-31 00:00:00', 120000, '2025-07-20 09:25:48', '2025-07-20 09:25:48', NULL, 97),
(128, 'Inventory Control System', '#aa7755', 228, 2023128, '2026-12-25 00:00:00', '2027-01-05 00:00:00', '2027-01-31 00:00:00', 100000, '2025-07-20 14:50:33', '2025-07-20 14:50:33', NULL, 98),
(129, 'Customer Onboarding Platform', '#77aa55', 229, 2023129, '2027-01-01 00:00:00', '2027-01-10 00:00:00', '2027-01-31 00:00:00', 85000, '2025-07-21 10:15:42', '2025-07-21 10:15:42', NULL, 99),
(130, 'Supply Chain Visibility Tool', '#5577cc', 230, 2023130, '2027-01-05 00:00:00', '2027-01-15 00:00:00', '2027-01-31 00:00:00', 130000, '2025-07-21 15:40:18', '2025-07-21 15:40:18', NULL, 90);

INSERT INTO public.teams VALUES (5, 'Sales Team', '#00ffaa', '{auth0|67e441428781d3f24243d71a,auth0|67d99257463a53ee93784bb3,auth0|67f67b8e5b7c5d9bbc083877}', '2025-05-29 13:00:00', '2025-05-29 13:00:00', NULL, 'auth0|67e441428781d3f24243d71a'),
(14, 'API Integration Team', '#ff7733', '{auth0|67e177af85bc3d00c9259b50,auth0|67d992216b97b76f336bfaa5,auth0|67d991b80f7916d942e25d1d}', '2025-05-30 13:00:00', '2025-05-31 14:41:05.778', NULL, 'auth0|67d992216b97b76f336bfaa5'),
(15, 'Cloud devOps Team', '#ff7733', '{auth0|67e177af85bc3d00c9259b50,auth0|67d992216b97b76f336bfaa5,auth0|67e18a393ead76e700bac21d}', '2025-05-30 13:00:00', '2025-05-31 14:41:30.726', NULL, 'auth0|67d992216b97b76f336bfaa5'),
(13, 'Documentation Team', '#7733ff', '{auth0|6803de00c180a3420d8451f1,auth0|6803dffac3438da2f9a1d856,auth0|67e17804a2a92ff53f9911c1,auth0|67e18980844eeb9e75935575}', '2025-05-30 12:00:00', '2025-05-31 14:41:49.328', NULL, 'auth0|6803dffac3438da2f9a1d856'),
(1, 'AI Research Team', '#ff5500', '{auth0|67e177af85bc3d00c9259b50,auth0|67d992216b97b76f336bfaa5,auth0|67e17804a2a92ff53f9911c1}', '2025-05-29 09:00:00', '2025-05-31 14:45:15.281', NULL, 'auth0|67d992216b97b76f336bfaa5'),
(12, 'Big Data Team', '#33ff77', '{auth0|67d99257463a53ee93784bb3,auth0|67f67b8e5b7c5d9bbc083877,auth0|67e177daa644c618cb3eb35e,auth0|67d991628bb694a3d3dea08b}', '2025-05-30 11:00:00', '2025-05-31 14:42:09.607', NULL, 'auth0|67d991628bb694a3d3dea08b'),
(11, 'Machine Learning Team', '#ff3377', '{auth0|67d992216b97b76f336bfaa5,auth0|67e1781ca2a92ff53f9911d0,auth0|67e1779d87bc29f1f45e0daa,auth0|67e177f56da4043835d92e1a,auth0|67e177e769ff4468b60c246c}', '2025-05-30 10:00:00', '2025-05-31 14:42:40.527', NULL, 'auth0|67d992216b97b76f336bfaa5'),
(10, 'Infrastructure Team', '#aaff00', '{auth0|67e17804a2a92ff53f9911c1,auth0|6803dffac3438da2f9a1d856,auth0|67e177af85bc3d00c9259b50}', '2025-05-30 09:00:00', '2025-05-31 14:42:55.227', NULL, 'auth0|6803dffac3438da2f9a1d856'),
(9, 'Business Intelligence Team', '#ff00aa', '{auth0|67d99257463a53ee93784bb3,auth0|67e177daa644c618cb3eb35e,auth0|6803de00c180a3420d8451f1,auth0|67e441428781d3f24243d71a}', '2025-05-29 17:00:00', '2025-05-31 14:43:14.731', NULL, 'auth0|67e441428781d3f24243d71a'),
(8, 'User Experience Team', '#00aaff', '{auth0|67f67b8e5b7c5d9bbc083877,auth0|67d991b80f7916d942e25d1d,auth0|67e18a393ead76e700bac21d}', '2025-05-29 16:00:00', '2025-05-31 14:43:32.673', NULL, 'auth0|67d991b80f7916d942e25d1d'),
(7, 'Content Creation Team', '#ffaa00', '{auth0|6803dffac3438da2f9a1d856,auth0|67e177af85bc3d00c9259b50}', '2025-05-29 15:00:00', '2025-05-31 14:43:40.61', NULL, 'auth0|6803dffac3438da2f9a1d856'),
(6, 'Technical Support Team', '#aa00ff', '{auth0|67e177daa644c618cb3eb35e,auth0|6803de00c180a3420d8451f1,auth0|67d991b80f7916d942e25d1d,auth0|67e1783269ff4468b60c24ab,auth0|67e18a393ead76e700bac21d,auth0|67e2d32bc93ae5dd5ae614a7}', '2025-05-29 14:00:00', '2025-05-31 14:44:02.086', NULL, 'auth0|67d991b80f7916d942e25d1d'),
(4, 'Marketing Team', '#ff0055', '{auth0|67d992216b97b76f336bfaa5,auth0|67e17804a2a92ff53f9911c1}', '2025-05-29 12:00:00', '2025-05-31 14:44:27.663', NULL, 'auth0|67d992216b97b76f336bfaa5'),
(3, 'Customer Success Team', '#5500ff', '{auth0|6803de00c180a3420d8451f1,auth0|67f67b8e5b7c5d9bbc083877,auth0|67e177daa644c618cb3eb35e,auth0|67d992216b97b76f336bfaa5}', '2025-05-29 11:00:00', '2025-05-31 14:44:49.144', NULL, 'auth0|67d992216b97b76f336bfaa5'),
(2, 'Blockchain Development Team', '#00ff55', '{auth0|67d991b80f7916d942e25d1d,auth0|67d99257463a53ee93784bb3}', '2025-05-29 10:00:00', '2025-05-31 14:45:01.887', NULL, 'auth0|67d991b80f7916d942e25d1d');

INSERT INTO public.activities (id, name, color, description, activity_number, budget, project_id, team_id, created_at, updated_at, deleted_at) VALUES
(1, 'E-commerce Platform Setup', '#ff6347', 'Setup e-commerce platform and integrations', 108, 2500, 95, 11, '2025-05-31 09:00:00', '2025-05-31 09:00:00', NULL),
(2, 'Mobile App UI Design', '#32cd32', 'Design user interface for mobile application', 109, 3200, 116, 5, '2025-05-31 10:00:00', '2025-05-31 10:00:00', NULL),
(3, 'Data Warehouse Implementation', '#9370db', 'Implement data warehouse architecture', 110, 1000, 97, 12, '2025-05-31 11:00:00', '2025-05-31 11:00:00', NULL),
(4, 'Security Penetration Testing', '#ff69b4', 'Perform security penetration tests', 111, 1500, 98, 7, '2025-05-31 12:00:00', '2025-05-31 12:00:00', NULL),
(5, 'Learning Management System Development', '#20b2aa', 'Develop core LMS functionality', 112, 7000, 99, 13, '2025-05-31 13:00:00', '2025-05-31 13:00:00', NULL),
(6, 'Cloud Migration Planning', '#daa520', 'Plan cloud migration strategy', 113, 1800, 100, 9, '2025-05-31 14:00:00', '2025-05-31 14:00:00', NULL),
(7, 'Product Catalog Development', '#8a2be2', 'Develop product catalog system', 114, 2200, 95, 14, '2025-05-31 15:00:00', '2025-05-31 15:00:00', NULL),
(8, 'Mobile App Backend Development', '#00ced1', 'Develop backend services for mobile app', 115, 500, 96, 2, '2025-05-31 16:00:00', '2025-05-31 16:00:00', NULL),
(9, 'Data Visualization Implementation', '#ff8c00', 'Implement data visualization dashboards', 116, 1800, 97, 15, '2025-05-31 17:00:00', '2025-05-31 17:00:00', NULL),
(10, 'Security Policy Development', '#4682b4', 'Develop security policies and procedures', 117, 1400, 98, 10, '2025-06-01 09:00:00', '2025-06-01 09:00:00', NULL),
(11, 'Content Marketing Strategy', '#e9967a', 'Develop content marketing strategy and calendar', 118, 1900, 15, 3, '2025-06-01 10:00:00', '2025-06-01 10:00:00', NULL),
(12, 'API Integration Services', '#8fbc8f', 'Integrate third-party APIs with existing systems', 119, 2700, 22, 8, '2025-06-01 11:00:00', '2025-06-01 11:00:00', NULL),
(13, 'User Experience Testing', '#483d8b', 'Conduct UX testing with focus groups', 120, 1300, 31, 4, '2025-06-01 12:00:00', '2025-06-01 12:00:00', NULL),
(14, 'Database Optimization', '#cd5c5c', 'Optimize database performance and queries', 121, 2100, 42, 6, '2025-06-01 13:00:00', '2025-06-01 13:00:00', NULL),
(15, 'Blockchain Implementation', '#ffa500', 'Implement blockchain solution for supply chain', 122, 3500, 56, 1, '2025-06-01 14:00:00', '2025-06-01 14:00:00', NULL),
(16, 'DevOps Pipeline Setup', '#6495ed', 'Configure CI/CD pipelines for automation', 123, 1700, 94, 11, '2025-06-01 15:00:00', '2025-06-01 15:00:00', NULL),
(17, 'Social Media Campaign', '#da70d6', 'Execute social media marketing campaign', 124, 1200, 93, 3, '2025-06-01 16:00:00', '2025-06-01 16:00:00', NULL),
(18, 'Network Infrastructure Upgrade', '#2e8b57', 'Upgrade network infrastructure and security', 125, 2900, 84, 9, '2025-06-01 17:00:00', '2025-06-01 17:00:00', NULL),
(19, 'AI Chatbot Development', '#ff7f50', 'Develop AI-powered customer service chatbot', 126, 3100, 95, 12, '2025-06-02 09:00:00', '2025-06-02 09:00:00', NULL),
(20, 'Customer Portal Redesign', '#4169e1', 'Redesign customer portal interface', 127, 2300, 18, 5, '2025-06-02 10:00:00', '2025-06-02 10:00:00', NULL),
(21, 'Automated Testing Framework', '#808000', 'Develop automated testing framework', 128, 1600, 27, 2, '2025-06-02 11:00:00', '2025-06-02 11:00:00', NULL),
(22, 'Virtual Reality Training Module', '#9932cc', 'Create VR training modules for staff', 129, 3800, 39, 13, '2025-06-02 12:00:00', '2025-06-02 12:00:00', NULL),
(23, 'Payment Gateway Integration', '#dc143c', 'Integrate multiple payment gateways', 130, 2000, 48, 14, '2025-06-02 13:00:00', '2025-06-02 13:00:00', NULL),
(24, 'SEO Optimization', '#00fa9a', 'Optimize website for search engines', 131, 1100, 59, 3, '2025-06-02 14:00:00', '2025-06-02 14:00:00', NULL),
(25, 'Microservices Architecture', '#4b0082', 'Convert monolith to microservices architecture', 132, 4200, 67, 7, '2025-06-02 15:00:00', '2025-06-02 15:00:00', NULL),
(26, 'Email Marketing Automation', '#7cfc00', 'Set up automated email marketing workflows', 133, 900, 77, 3, '2025-06-02 16:00:00', '2025-06-02 16:00:00', NULL),
(27, 'IoT Sensor Integration', '#1e90ff', 'Integrate IoT sensors with monitoring platform', 134, 2600, 88, 10, '2025-06-02 17:00:00', '2025-06-02 17:00:00', NULL),
(28, 'Digital Asset Management', '#ff1493', 'Implement digital asset management system', 135, 1800, 92, 15, '2025-06-03 09:00:00', '2025-06-03 09:00:00', NULL),
(29, 'Customer Journey Mapping', '#b8860b', 'Map customer journeys across touchpoints', 136, 1400, 94, 4, '2025-06-03 10:00:00', '2025-06-03 10:00:00', NULL),
(30, 'Machine Learning Model Training', '#00bfff', 'Train and deploy machine learning models', 137, 3300, 36, 8, '2025-06-03 11:00:00', '2025-06-03 11:00:00', NULL),
(31, 'Data Analytics Platform', '#8b0000', 'Develop data analytics platform with dashboards', 138, 4500, 25, 7, '2025-06-03 12:00:00', '2025-06-03 12:00:00', NULL),
(32, 'Customer Loyalty Program', '#006400', 'Design and implement customer loyalty system', 139, 1700, 53, 3, '2025-06-03 13:00:00', '2025-06-03 13:00:00', NULL),
(33, 'Cloud Storage Migration', '#ff00ff', 'Migrate data to cloud storage solution', 140, 2200, 78, 9, '2025-06-03 14:00:00', '2025-06-03 14:00:00', NULL),
(34, 'Voice Assistant Integration', '#00ffff', 'Integrate voice assistant functionality', 141, 2800, 12, 6, '2025-06-03 15:00:00', '2025-06-03 15:00:00', NULL),
(35, 'Augmented Reality Feature', '#ffd700', 'Develop AR feature for mobile application', 142, 3600, 33, 11, '2025-06-03 16:00:00', '2025-06-03 16:00:00', NULL),
(36, 'Compliance Documentation', '#a52a2a', 'Prepare compliance documentation', 143, 950, 49, 10, '2025-06-03 17:00:00', '2025-06-03 17:00:00', NULL),
(37, 'Inventory Management System', '#4b0082', 'Develop inventory tracking and management system', 144, 2700, 61, 14, '2025-06-04 09:00:00', '2025-06-04 09:00:00', NULL),
(38, 'Video Conferencing Tool', '#008080', 'Create custom video conferencing solution', 145, 3200, 81, 12, '2025-06-04 10:00:00', '2025-06-04 10:00:00', NULL),
(39, 'Mobile App Performance Optimization', '#cd853f', 'Optimize mobile app performance', 146, 1500, 104, 2, '2025-06-04 11:00:00', '2025-06-04 11:00:00', NULL),
(40, 'CRM Integration', '#9acd32', 'Integrate customer relationship management system', 147, 2100, 116, 8, '2025-06-04 12:00:00', '2025-06-04 12:00:00', NULL),
(41, 'Business Intelligence Dashboard', '#663399', 'Create BI dashboard for executive team', 148, 2400, 129, 15, '2025-06-04 13:00:00', '2025-06-04 13:00:00', NULL),
(42, 'Single Sign-On Implementation', '#ff4500', 'Implement SSO across all platforms', 149, 1800, 124, 11, '2025-06-04 14:00:00', '2025-06-04 14:00:00', NULL),
(43, 'Recommendation Engine', '#2f4f4f', 'Develop product recommendation engine', 150, 3100, 107, 5, '2025-06-04 15:00:00', '2025-06-04 15:00:00', NULL),
(44, 'Continuous Integration Setup', '#ff6347', 'Set up continuous integration environment', 151, 1600, 68, 1, '2025-06-04 16:00:00', '2025-06-04 16:00:00', NULL),
(45, 'Customer Feedback System', '#7b68ee', 'Create customer feedback collection system', 152, 1300, 83, 3, '2025-06-04 17:00:00', '2025-06-04 17:00:00', NULL),
(46, 'Progressive Web App Development', '#3cb371', 'Convert website to progressive web app', 153, 2900, 94, 7, '2025-06-05 09:00:00', '2025-06-05 09:00:00', NULL),
(47, 'IT Security Audit', '#ff8c00', 'Perform comprehensive IT security audit', 154, 1900, 111, 10, '2025-06-05 10:00:00', '2025-06-05 10:00:00', NULL),
(48, 'Identity Management System', '#8a2be2', 'Implement identity and access management', 155, 2600, 123, 9, '2025-06-05 11:00:00', '2025-06-05 11:00:00', NULL),
(49, 'Real-time Analytics Pipeline', '#dc143c', 'Build real-time data analytics pipeline', 156, 3700, 107, 12, '2025-06-05 12:00:00', '2025-06-05 12:00:00', NULL),
(50, 'Database Clustering Setup', '#00fa9a', 'Set up database clustering for high availability', 157, 2300, 50, 6, '2025-06-05 13:00:00', '2025-06-05 13:00:00', NULL),
(51, 'Mobile Payment Solution', '#4169e1', 'Develop mobile payment processing solution', 158, 3000, 115, 8, '2025-06-05 14:00:00', '2025-06-05 14:00:00', NULL),
(52, 'Document Management System', '#ff1493', 'Implement document management and workflow', 159, 2500, 74, 13, '2025-06-05 15:00:00', '2025-06-05 15:00:00', NULL),
(53, 'Marketing Automation', '#7fff00', 'Set up marketing automation workflows', 160, 1400, 117, 3, '2025-06-05 16:00:00', '2025-06-05 16:00:00', NULL),
(54, 'Data Lake Implementation', '#9932cc', 'Implement data lake architecture', 161, 3400, 112, 15, '2025-06-05 17:00:00', '2025-06-05 17:00:00', NULL),
(55, 'Content Delivery Network Setup', '#b22222', 'Configure global content delivery network', 162, 2000, 119, 9, '2025-06-06 09:00:00', '2025-06-06 09:00:00', NULL),
(56, 'Supply Chain Management System', '#228b22', 'Develop supply chain management solution', 163, 4100, 32, 14, '2025-06-06 10:00:00', '2025-06-06 10:00:00', NULL),
(57, 'Cybersecurity Training Program', '#4682b4', 'Create cybersecurity awareness training', 164, 1200, 46, 7, '2025-06-06 11:00:00', '2025-06-06 11:00:00', NULL),
(58, 'Predictive Maintenance System', '#8b008b', 'Develop predictive maintenance for equipment', 165, 3900, 58, 12, '2025-06-06 12:00:00', '2025-06-06 12:00:00', NULL),
(59, 'Subscription Billing Platform', '#556b2f', 'Build subscription management and billing system', 166, 2700, 70, 4, '2025-06-06 13:00:00', '2025-06-06 13:00:00', NULL),
(60, 'Legacy System Migration', '#cd5c5c', 'Migrate legacy systems to modern platforms', 167, 3300, 90, 11, '2025-06-06 14:00:00', '2025-06-06 14:00:00', NULL),
(61, 'Enterprise Resource Planning', '#191970', 'Implement ERP system across departments', 168, 5200, 113, 13, '2025-06-06 15:00:00', '2025-06-06 15:00:00', NULL),
(62, 'Geographic Information System', '#006400', 'Develop GIS mapping application', 169, 3800, 117, 5, '2025-06-06 16:00:00', '2025-06-06 16:00:00', NULL),
(63, 'Serverless Architecture Migration', '#8b4513', 'Migrate applications to serverless architecture', 170, 2700, 28, 8, '2025-06-06 17:00:00', '2025-06-06 17:00:00', NULL),
(64, 'Web Application Firewall Setup', '#ff4500', 'Configure WAF for enhanced security', 171, 1500, 41, 10, '2025-06-07 09:00:00', '2025-06-07 09:00:00', NULL),
(65, 'Multi-channel Marketing Platform', '#9370db', 'Develop integrated marketing platform', 172, 2900, 54, 3, '2025-06-07 10:00:00', '2025-06-07 10:00:00', NULL),
(66, 'Containerization Implementation', '#20b2aa', 'Containerize applications using Docker', 173, 1800, 66, 1, '2025-06-07 11:00:00', '2025-06-07 11:00:00', NULL),
(67, 'Chatbot Customer Support', '#cd5c5c', 'Implement AI chatbot for customer support', 174, 2300, 79, 12, '2025-06-07 12:00:00', '2025-06-07 12:00:00', NULL),
(68, 'Data Privacy Compliance', '#ba55d3', 'Ensure compliance with data privacy regulations', 175, 1700, 91, 7, '2025-06-07 13:00:00', '2025-06-07 13:00:00', NULL),
(69, 'Interactive Product Catalog', '#32cd32', 'Create interactive product showcase', 176, 2500, 116, 14, '2025-06-07 14:00:00', '2025-06-07 14:00:00', NULL),
(70, 'HR Information System', '#8b008b', 'Develop human resources information system', 177, 3200, 121, 5, '2025-06-07 15:00:00', '2025-06-07 15:00:00', NULL),
(71, 'Project Management Platform', '#ff8c00', 'Create custom project management solution', 178, 2800, 34, 9, '2025-06-07 16:00:00', '2025-06-07 16:00:00', NULL),
(72, 'Network Security Monitoring', '#4682b4', 'Implement network security monitoring tools', 179, 1900, 47, 10, '2025-06-07 17:00:00', '2025-06-07 17:00:00', NULL),
(73, 'Online Booking System', '#2e8b57', 'Develop online reservation and booking system', 180, 2600, 62, 4, '2025-06-08 09:00:00', '2025-06-08 09:00:00', NULL),
(74, 'Content Management System', '#b22222', 'Create custom CMS for web content', 181, 3100, 75, 15, '2025-06-08 10:00:00', '2025-06-08 10:00:00', NULL),
(75, 'Remote Work Collaboration Tools', '#7b68ee', 'Develop tools for remote team collaboration', 182, 1400, 86, 6, '2025-06-08 11:00:00', '2025-06-08 11:00:00', NULL),
(76, 'Data Recovery System', '#ff6347', 'Implement robust data backup and recovery', 183, 2200, 111, 11, '2025-06-08 12:00:00', '2025-06-08 12:00:00', NULL),
(77, 'Healthcare Patient Portal', '#9acd32', 'Create patient portal for healthcare provider', 184, 4100, 113, 13, '2025-06-08 13:00:00', '2025-06-08 13:00:00', NULL),
(78, 'Automated Code Review', '#483d8b', 'Implement automated code review tools', 185, 1100, 126, 2, '2025-06-08 14:00:00', '2025-06-08 14:00:00', NULL),
(79, 'Real Estate Management System', '#ff1493', 'Develop real estate portfolio management tool', 186, 3600, 40, 8, '2025-06-08 15:00:00', '2025-06-08 15:00:00', NULL),
(80, 'Regulatory Compliance Tracking', '#a0522d', 'Create system to track regulatory compliance', 187, 1600, 51, 7, '2025-06-08 16:00:00', '2025-06-08 16:00:00', NULL),
(81, 'Digital Marketing Analytics', '#00ced1', 'Implement digital marketing analytics platform', 188, 2400, 63, 3, '2025-06-08 17:00:00', '2025-06-08 17:00:00', NULL),
(82, 'Financial Reporting System', '#daa520', 'Develop automated financial reporting system', 189, 3700, 76, 9, '2025-06-09 09:00:00', '2025-06-09 09:00:00', NULL),
(83, 'Fleet Management Solution', '#6495ed', 'Create fleet tracking and management system', 190, 2500, 89, 14, '2025-06-09 10:00:00', '2025-06-09 10:00:00', NULL),
(84, 'Electronic Signature Implementation', '#ff00ff', 'Implement e-signature capabilities', 191, 1300, 95, 5, '2025-06-09 11:00:00', '2025-06-09 11:00:00', NULL),
(85, 'Appointment Scheduling System', '#3cb371', 'Develop online appointment scheduling tool', 192, 1900, 118, 4, '2025-06-09 12:00:00', '2025-06-09 12:00:00', NULL),
(86, 'Knowledge Base Development', '#1e90ff', 'Create knowledge base and documentation system', 193, 2100, 20, 11, '2025-06-09 13:00:00', '2025-06-09 13:00:00', NULL),
(87, 'Event Management Platform', '#ffd700', 'Develop event registration and management system', 194, 2800, 35, 15, '2025-06-09 14:00:00', '2025-06-09 14:00:00', NULL),
(88, 'Vulnerability Assessment', '#cd853f', 'Perform security vulnerability assessment', 195, 1800, 115, 10, '2025-06-09 15:00:00', '2025-06-09 15:00:00', NULL),
(89, 'Omnichannel Retail Platform', '#808000', 'Create omnichannel retail experience platform', 196, 4300, 60, 14, '2025-06-09 16:00:00', '2025-06-09 16:00:00', NULL),
(90, 'Customer Data Platform', '#4b0082', 'Implement customer data platform', 197, 3200, 72, 8, '2025-06-09 17:00:00', '2025-06-09 17:00:00', NULL),
(91, 'Service Desk Implementation', '#008080', 'Set up IT service desk and ticketing system', 198, 2400, 82, 6, '2025-06-10 09:00:00', '2025-06-10 09:00:00', NULL),
(92, 'Multi-language Website', '#ff8c00', 'Develop multi-language website capabilities', 199, 2700, 93, 3, '2025-06-10 10:00:00', '2025-06-10 10:00:00', NULL),
(93, 'Automated Quality Assurance', '#a52a2a', 'Implement automated QA testing framework', 200, 2000, 119, 2, '2025-06-10 11:00:00', '2025-06-10 11:00:00', NULL),
(94, 'Distributed Ledger System', '#da70d6', 'Develop distributed ledger for transactions', 201, 3900, 124, 11, '2025-06-10 12:00:00', '2025-06-10 12:00:00', NULL),
(95, 'Logistics Management System', '#228b22', 'Create logistics and shipping management tool', 202, 3100, 38, 9, '2025-06-10 13:00:00', '2025-06-10 13:00:00', NULL),
(96, 'Intrusion Detection System', '#8b0000', 'Implement network intrusion detection', 203, 2600, 52, 10, '2025-06-10 14:00:00', '2025-06-10 14:00:00', NULL),
(97, 'Virtual Conference Platform', '#00bfff', 'Develop virtual conference hosting platform', 204, 3500, 69, 12, '2025-06-10 15:00:00', '2025-06-10 15:00:00', NULL),
(98, 'Print-on-Demand Integration', '#2f4f4f', 'Integrate print-on-demand service', 205, 1500, 80, 14, '2025-06-10 16:00:00', '2025-06-10 16:00:00', NULL),
(99, 'Fraud Detection System', '#7fff00', 'Implement AI-based fraud detection', 206, 2900, 94, 7, '2025-06-10 17:00:00', '2025-06-10 17:00:00', NULL),
(100, 'Learning Analytics Platform', '#663399', 'Develop learning analytics dashboard', 207, 2300, 114, 13, '2025-06-11 09:00:00', '2025-06-11 09:00:00', NULL),
(101, 'Data Science Workshop', '#1abc9c', 'Conduct data science training workshops', 208, 1800, 115, 8, '2025-06-11 10:00:00', '2025-06-11 10:00:00', NULL),
(102, 'Mobile App Localization', '#3498db', 'Localize mobile app for international markets', 209, 2400, 126, 5, '2025-06-11 11:00:00', '2025-06-11 11:00:00', NULL),
(103, 'API Documentation', '#9b59b6', 'Create comprehensive API documentation', 210, 1200, 122, 2, '2025-06-11 12:00:00', '2025-06-11 12:00:00', NULL),
(104, 'Blockchain Wallet Development', '#f1c40f', 'Develop secure blockchain wallet', 211, 3600, 126, 11, '2025-06-11 13:00:00', '2025-06-11 13:00:00', NULL),
(105, 'Automated Deployment Pipeline', '#e67e22', 'Set up automated deployment pipeline', 212, 2100, 124, 1, '2025-06-11 14:00:00', '2025-06-11 14:00:00', NULL),
(106, 'Customer Retention Analysis', '#e74c3c', 'Analyze customer retention metrics', 213, 1700, 123, 3, '2025-06-11 15:00:00', '2025-06-11 15:00:00', NULL),
(107, 'Disaster Recovery Planning', '#34495e', 'Create disaster recovery procedures', 214, 2500, 124, 9, '2025-06-11 16:00:00', '2025-06-11 16:00:00', NULL),
(108, 'Voice Recognition Integration', '#16a085', 'Integrate voice recognition capabilities', 215, 2800, 125, 12, '2025-06-11 17:00:00', '2025-06-11 17:00:00', NULL),
(109, 'User Onboarding Redesign', '#2980b9', 'Redesign user onboarding experience', 216, 1900, 128, 4, '2025-06-12 09:00:00', '2025-06-12 09:00:00', NULL),
(110, 'Performance Benchmarking', '#8e44ad', 'Conduct system performance benchmarks', 217, 1400, 127, 6, '2025-06-12 10:00:00', '2025-06-12 10:00:00', NULL),
(111, 'Gamification Elements', '#f39c12', 'Add gamification to user experience', 218, 2200, 129, 5, '2025-06-12 11:00:00', '2025-06-12 11:00:00', NULL),
(112, 'Multi-factor Authentication', '#d35400', 'Implement multi-factor authentication', 219, 1600, 128, 10, '2025-06-12 12:00:00', '2025-06-12 12:00:00', NULL),
(113, 'Content Personalization Engine', '#c0392b', 'Develop content personalization system', 220, 3100, 129, 3, '2025-06-12 13:00:00', '2025-06-12 13:00:00', NULL),
(114, 'Microservices Monitoring', '#2c3e50', 'Set up microservices monitoring', 221, 2300, 127, 7, '2025-06-12 14:00:00', '2025-06-12 14:00:00', NULL),
(115, 'A/B Testing Framework', '#27ae60', 'Implement A/B testing capabilities', 222, 1800, 127, 3, '2025-06-12 15:00:00', '2025-06-12 15:00:00', NULL),
(116, 'Smart Contract Development', '#2980b9', 'Develop smart contracts for blockchain', 223, 3400, 128, 11, '2025-06-12 16:00:00', '2025-06-12 16:00:00', NULL),
(117, 'Customer Segmentation Analysis', '#8e44ad', 'Analyze customer segments for marketing', 224, 2000, 124, 3, '2025-06-12 17:00:00', '2025-06-12 17:00:00', NULL),
(118, 'Natural Language Processing', '#f1c40f', 'Implement NLP for text analysis', 225, 3200, 126, 12, '2025-06-13 09:00:00', '2025-06-13 09:00:00', NULL),
(119, 'Data Migration Tool', '#e67e22', 'Create data migration utility', 226, 1700, 125, 15, '2025-06-13 10:00:00', '2025-06-13 10:00:00', NULL),
(120, 'Affiliate Marketing Platform', '#e74c3c', 'Develop affiliate marketing system', 227, 2600, 123, 3, '2025-06-13 11:00:00', '2025-06-13 11:00:00', NULL),
(121, 'Edge Computing Implementation', '#34495e', 'Implement edge computing architecture', 228, 3800, 128, 9, '2025-06-13 12:00:00', '2025-06-13 12:00:00', NULL),
(122, 'Accessibility Compliance', '#1abc9c', 'Ensure WCAG accessibility compliance', 229, 1500, 121, 4, '2025-06-13 13:00:00', '2025-06-13 13:00:00', NULL),
(123, 'Embedded Analytics', '#3498db', 'Integrate embedded analytics into product', 230, 2900, 123, 15, '2025-06-13 14:00:00', '2025-06-13 14:00:00', NULL),
(124, 'Regulatory Reporting System', '#9b59b6', 'Develop automated regulatory reporting', 231, 2400, 129, 7, '2025-06-13 15:00:00', '2025-06-13 15:00:00', NULL),
(125, 'Inventory Forecasting', '#f39c12', 'Create inventory forecasting system', 232, 2700, 121, 14, '2025-06-13 16:00:00', '2025-06-13 16:00:00', NULL),
(126, 'Video Streaming Optimization', '#d35400', 'Optimize video streaming performance', 233, 3300, 121, 6, '2025-06-13 17:00:00', '2025-06-13 17:00:00', NULL),
(127, 'Mobile App Analytics', '#c0392b', 'Implement mobile app analytics tracking', 234, 1300, 124, 2, '2025-06-14 09:00:00', '2025-06-14 09:00:00', NULL),
(128, 'Customer Support Chatbot', '#2c3e50', 'Develop customer support AI chatbot', 235, 2500, 126, 12, '2025-06-14 10:00:00', '2025-06-14 10:00:00', NULL),
(129, 'Business Process Automation', '#27ae60', 'Automate key business processes', 236, 3100, 129, 8, '2025-06-14 11:00:00', '2025-06-14 11:00:00', NULL),
(130, 'Digital Signature Integration', '#16a085', 'Integrate digital signature capabilities', 237, 1800, 124, 5, '2025-06-14 12:00:00', '2025-06-14 12:00:00', NULL),
(131, 'Cloud Cost Optimization', '#2ecc71', 'Optimize cloud infrastructure costs', 238, 2200, 127, 9, '2025-06-14 13:00:00', '2025-06-14 13:00:00', NULL),
(132, 'User Experience Research', '#3498db', 'Conduct UX research and user testing', 239, 1900, 121, 4, '2025-06-14 14:00:00', '2025-06-14 14:00:00', NULL),
(133, 'Database Sharding Implementation', '#9b59b6', 'Implement database sharding for scalability', 240, 3400, 122, 6, '2025-06-14 15:00:00', '2025-06-14 15:00:00', NULL),
(134, 'IoT Platform Development', '#f1c40f', 'Develop IoT device management platform', 241, 4200, 125, 12, '2025-06-14 16:00:00', '2025-06-14 16:00:00', NULL),
(135, 'Search Engine Optimization', '#e74c3c', 'Implement SEO improvements across website', 242, 1600, 123, 3, '2025-06-14 17:00:00', '2025-06-14 17:00:00', NULL),
(136, 'Automated Reporting System', '#34495e', 'Create automated business reporting system', 243, 2800, 85, 12, '2025-06-15 09:00:00', '2025-06-15 09:00:00', NULL),
(137, 'Biometric Authentication', '#16a085', 'Implement biometric authentication features', 244, 3100, 122, 10, '2025-06-15 10:00:00', '2025-06-15 10:00:00', NULL),
(138, 'Employee Training Portal', '#27ae60', 'Develop internal employee training platform', 245, 2400, 129, 13, '2025-06-15 11:00:00', '2025-06-15 11:00:00', NULL),
(139, 'Recommendation Algorithm', '#2980b9', 'Improve product recommendation algorithms', 246, 2700, 123, 5, '2025-06-15 12:00:00', '2025-06-15 12:00:00', NULL),
(140, 'Data Visualization Dashboard', '#8e44ad', 'Create interactive data visualization dashboards', 247, 3300, 123, 15, '2025-06-15 13:00:00', '2025-06-15 13:00:00', NULL),
(141, 'Mobile Payment Processing', '#f39c12', 'Implement secure mobile payment processing', 248, 2900, 128, 8, '2025-06-15 14:00:00', '2025-06-15 14:00:00', NULL),
(142, 'Workflow Automation', '#d35400', 'Automate business workflow processes', 249, 1800, 121, 7, '2025-06-15 15:00:00', '2025-06-15 15:00:00', NULL),
(143, 'Subscription Management System', '#c0392b', 'Develop subscription management platform', 250, 2600, 126, 14, '2025-06-15 16:00:00', '2025-06-15 16:00:00', NULL),
(144, 'Continuous Monitoring Setup', '#2c3e50', 'Implement continuous monitoring solution', 251, 1500, 125, 11, '2025-06-15 17:00:00', '2025-06-15 17:00:00', NULL),
(145, 'Voice Commerce Integration', '#1abc9c', 'Integrate voice commerce capabilities', 252, 3200, 127, 12, '2025-06-16 09:00:00', '2025-06-16 09:00:00', NULL),
(146, 'Predictive Analytics Model', '#3498db', 'Develop predictive analytics models', 253, 3800, 122, 8, '2025-06-16 10:00:00', '2025-06-16 10:00:00', NULL),
(147, 'Cross-platform Mobile Framework', '#9b59b6', 'Implement cross-platform mobile development', 254, 2100, 126, 2, '2025-06-16 11:00:00', '2025-06-16 11:00:00', NULL),
(148, 'Customer Journey Optimization', '#f1c40f', 'Optimize customer journey touchpoints', 255, 1700, 129, 3, '2025-06-16 12:00:00', '2025-06-16 12:00:00', NULL),
(149, 'Log Analysis System', '#e74c3c', 'Implement centralized log analysis', 256, 2300, 124, 10, '2025-06-16 13:00:00', '2025-06-16 13:00:00', NULL),
(150, 'Product Information Management', '#34495e', 'Develop product information management system', 257, 3500, 127, 14, '2025-06-16 14:00:00', '2025-06-16 14:00:00', NULL),
(151, 'Automated Market Analysis', '#16a085', 'Create automated market analysis tools', 258, 2000, 123, 3, '2025-06-16 15:00:00', '2025-06-16 15:00:00', NULL),
(152, 'Infrastructure as Code', '#27ae60', 'Implement infrastructure as code practices', 259, 1900, 121, 1, '2025-06-16 16:00:00', '2025-06-16 16:00:00', NULL),
(153, 'Augmented Reality Shopping', '#2980b9', 'Develop AR shopping experience', 260, 4100, 127, 5, '2025-06-16 17:00:00', '2025-06-16 17:00:00', NULL),
(154, 'Compliance Management System', '#8e44ad', 'Create regulatory compliance management system', 261, 2500, 121, 7, '2025-06-17 09:00:00', '2025-06-17 09:00:00', NULL),
(155, 'Headless CMS Implementation', '#f39c12', 'Implement headless content management system', 262, 2800, 125, 15, '2025-06-17 10:00:00', '2025-06-17 10:00:00', NULL),
(156, 'Anomaly Detection System', '#d35400', 'Develop anomaly detection for security', 263, 3000, 129, 10, '2025-06-17 11:00:00', '2025-06-17 11:00:00', NULL),
(157, 'Internationalization Framework', '#c0392b', 'Implement i18n framework for applications', 264, 1400, 122, 2, '2025-06-17 12:00:00', '2025-06-17 12:00:00', NULL),
(158, 'Customer Feedback Analytics', '#2c3e50', 'Analyze customer feedback data', 265, 1700, 127, 3, '2025-06-17 13:00:00', '2025-06-17 13:00:00', NULL),
(159, 'Serverless Computing Migration', '#1abc9c', 'Migrate applications to serverless architecture', 266, 3200, 123, 9, '2025-06-17 14:00:00', '2025-06-17 14:00:00', NULL),
(160, 'Dynamic Pricing Engine', '#3498db', 'Develop dynamic pricing algorithm engine', 267, 2600, 129, 8, '2025-06-17 15:00:00', '2025-06-17 15:00:00', NULL);

INSERT INTO public.expenses (id, name, description, project_id, activity_id, category_id, cost, created_at, updated_at, deleted_at, color) VALUES (1, 'Write unit test expense', 'Expense', 1, 2, 1, 100, '2025-05-18 17:05:36.145', '2025-05-18 17:05:36.145', NULL, '#ff4d3a'),
(2, 'Design architecture', 'Design', 2, 3, 2, 100, '2024-05-18 17:07:32.809', '2025-05-18 17:07:32.809', NULL, '#388eff'),
(3, 'Testing expense', 'Expense for testing', 3, 4, 3, 200, '2025-01-22 20:00:00', '2025-05-22 20:00:00', NULL, '#ff3380'),
(4, 'Deployment expense', 'Expense for deployment', 4, 5, 4, 300, '2022-05-12 21:00:00', '2024-05-22 21:00:00', NULL, '#33ff80'),
(5, 'UI Design tools', 'Design software licenses', 5, 6, 5, 500, '2025-01-15 15:00:00', '2025-05-25 15:00:00', NULL, '#ff9933'),
(6, 'Data Analysis tools', 'Data analysis software', 7, 7, 6, 600, '2023-03-25 16:00:00', '2023-11-22 16:00:00', NULL, '#9933ff'),
(7, 'Security audit tools', 'Security assessment tools', 8, 8, 7, 700, '2024-09-25 17:00:00', '2025-05-25 17:00:00', NULL, '#33ff99'),
(8, 'Mobile development licenses', 'Mobile SDK licenses', 6, 9, 8, 800, '2024-12-25 18:00:00', '2025-05-25 18:00:00', NULL, '#ff3399'),
(9, 'Cloud services', 'Cloud platform costs', 10, 10, 9, 900, '2025-05-11 19:00:00', '2025-05-25 19:00:00', NULL, '#3399ff'),
(10, 'Project management tools', 'PM software licenses', 9, 5, 10, 400, '2025-01-25 20:00:00', '2025-03-15 20:00:00', NULL, '#99ff33'),
(11, 'Developer workstations', 'Hardware for developers', 11, 11, 11, 350, '2025-02-10 10:15:00', '2025-04-15 14:30:00', NULL, '#66cc99'),
(12, 'Team training', 'Technical training sessions', 12, 12, 12, 280, '2024-11-05 09:20:00', '2025-01-20 16:45:00', NULL, '#cc6699'),
(13, 'API integration services', 'Third-party API costs', 13, 13, 13, 190, '2025-03-18 11:30:00', '2025-05-10 13:20:00', NULL, '#9966cc'),
(14, 'Quality assurance tools', 'QA automation software', 14, 14, 14, 320, '2024-12-12 14:25:00', '2025-02-28 17:10:00', NULL, '#cc9966'),
(15, 'DevOps infrastructure', 'CI/CD pipeline tools', 15, 15, 15, 410, '2025-01-30 08:45:00', '2025-03-25 12:30:00', NULL, '#6699cc'),
(16, 'Database licenses', 'Enterprise DB licenses', 16, 16, 16, 380, '2024-10-20 15:40:00', '2025-01-15 11:25:00', NULL, '#cc6666'),
(17, 'Network monitoring', 'Network analysis tools', 17, 17, 17, 220, '2025-02-05 13:50:00', '2025-04-10 09:15:00', NULL, '#66cc66'),
(18, 'Documentation software', 'Technical writing tools', 18, 18, 18, 150, '2024-11-28 16:35:00', '2025-02-05 10:40:00', NULL, '#6666cc'),
(19, 'Code review tools', 'Static analysis software', 19, 19, 19, 270, '2025-03-12 10:55:00', '2025-05-08 15:30:00', NULL, '#cccc66'),
(20, 'UX research', 'User testing services', 20, 20, 20, 340, '2024-12-18 09:10:00', '2025-02-22 14:45:00', NULL, '#cc66cc'),
(21, 'Server maintenance', 'Hardware maintenance fees', 21, 21, 21, 230, '2025-01-08 11:20:00', '2025-03-15 16:50:00', NULL, '#66cccc'),
(22, 'Content delivery network', 'CDN service subscription', 22, 22, 22, 310, '2024-11-15 14:15:00', '2025-01-28 10:30:00', NULL, '#999966'),
(23, 'Backup solutions', 'Data backup services', 23, 23, 23, 290, '2025-02-20 16:40:00', '2025-04-25 13:15:00', NULL, '#669999'),
(24, 'Mobile testing devices', 'Test devices for QA', 24, 24, 24, 370, '2024-12-30 09:25:00', '2025-03-05 15:40:00', NULL, '#996699'),
(25, 'Translation services', 'Localization expenses', 25, 25, 25, 180, '2025-03-05 13:35:00', '2025-05-12 11:20:00', NULL, '#999933'),
(26, 'Legal compliance tools', 'Regulatory compliance software', 26, 26, 26, 260, '2024-11-22 10:45:00', '2025-02-10 16:30:00', NULL, '#339999'),
(27, 'Performance monitoring', 'Application monitoring tools', 27, 27, 27, 330, '2025-01-18 15:50:00', '2025-03-20 09:25:00', NULL, '#993399'),
(28, 'Email marketing platform', 'Marketing automation tools', 28, 28, 28, 240, '2024-12-05 12:15:00', '2025-02-15 17:45:00', NULL, '#999933'),
(29, 'Customer support system', 'Helpdesk software', 29, 29, 29, 210, '2025-02-15 09:30:00', '2025-04-20 14:10:00', NULL, '#339966'),
(30, 'Analytics platform', 'Data visualization tools', 30, 30, 30, 360, '2024-11-10 16:20:00', '2025-01-25 11:35:00', NULL, '#663399'),
(31, 'Virtual meeting tools', 'Video conferencing licenses', 31, 31, 31, 170, '2025-03-22 10:40:00', '2025-05-15 15:25:00', NULL, '#996633'),
(32, 'Project documentation', 'Technical writing services', 32, 32, 32, 250, '2024-12-25 13:55:00', '2025-02-28 09:40:00', NULL, '#339933'),
(33, 'UI component library', 'Frontend framework licenses', 33, 33, 33, 320, '2025-01-28 15:10:00', '2025-03-30 12:45:00', NULL, '#993333'),
(34, 'Search functionality', 'Search engine integration', 34, 34, 34, 280, '2024-11-30 11:25:00', '2025-02-05 16:15:00', NULL, '#333399'),
(35, 'Authentication services', 'Identity management system', 35, 35, 35, 390, '2025-02-25 14:30:00', '2025-04-30 10:55:00', NULL, '#999966'),
(36, 'Code repository', 'Version control hosting', 36, 36, 36, 200, '2024-12-10 09:45:00', '2025-02-18 15:20:00', NULL, '#669966'),
(37, 'Load testing tools', 'Performance testing software', 37, 37, 37, 340, '2025-01-05 16:35:00', '2025-03-10 11:50:00', NULL, '#966699'),
(38, 'Accessibility compliance', 'Accessibility testing tools', 38, 38, 38, 230, '2025-03-15 12:05:00', '2025-05-20 17:30:00', NULL, '#996666'),
(39, 'Data migration services', 'Database migration tools', 39, 39, 39, 310, '2024-11-18 15:15:00', '2025-01-30 10:40:00', NULL, '#669999'),
(40, 'Prototyping software', 'Design prototyping tools', 40, 40, 40, 270, '2025-02-08 11:50:00', '2025-04-15 16:25:00', NULL, '#999933'),
(41, 'Content management system', 'CMS platform license', 41, 41, 41, 95, '2025-01-12 09:30:00', '2025-03-18 14:45:00', NULL, '#cc9900'),
(42, 'Workflow automation', 'Business process automation', 42, 42, 42, 85, '2024-12-03 11:20:00', '2025-02-10 16:35:00', NULL, '#00cc99'),
(43, 'Data encryption tools', 'Security encryption software', 43, 43, 43, 75, '2025-02-18 14:10:00', '2025-04-22 09:25:00', NULL, '#9900cc'),
(44, 'Browser testing tools', 'Cross-browser testing suite', 44, 44, 44, 65, '2024-11-25 16:40:00', '2025-01-15 11:55:00', NULL, '#cc0099'),
(45, 'Code formatting tools', 'Linting and formatting software', 45, 45, 45, 55, '2025-03-08 10:15:00', '2025-05-12 15:30:00', NULL, '#00cc00'),
(46, 'Collaboration platform', 'Team collaboration software', 46, 46, 46, 45, '2024-12-15 13:50:00', '2025-02-20 09:05:00', NULL, '#0000cc'),
(47, 'User onboarding tools', 'Customer onboarding software', 47, 47, 47, 35, '2025-01-22 15:25:00', '2025-03-28 12:40:00', NULL, '#cc0000'),
(48, 'Notification services', 'Push notification platform', 48, 48, 48, 25, '2024-11-10 09:55:00', '2025-01-05 14:10:00', NULL, '#00cccc'),
(49, 'Payment processing', 'Payment gateway integration', 49, 49, 49, 15, '2025-02-28 12:30:00', '2025-04-30 17:45:00', NULL, '#cccc00'),
(50, 'File storage services', 'Cloud storage solution', 50, 50, 50, 5, '2024-12-20 14:05:00', '2025-02-25 10:20:00', NULL, '#cc00cc'),
(51, 'Image optimization', 'Image processing tools', 51, 51, 51, 98, '2025-01-05 16:15:00', '2025-03-10 11:30:00', NULL, '#99cc33'),
(52, 'Caching solution', 'Performance caching system', 52, 52, 52, 88, '2024-11-28 10:40:00', '2025-01-20 15:55:00', NULL, '#3399cc'),
(53, 'Text editor licenses', 'Code editor subscriptions', 53, 53, 53, 78, '2025-03-15 13:25:00', '2025-05-18 09:40:00', NULL, '#cc3399'),
(54, 'Diagramming tools', 'System architecture diagrams', 54, 54, 54, 68, '2024-12-08 15:10:00', '2025-02-12 11:25:00', NULL, '#33cc99'),
(55, 'Error tracking system', 'Bug monitoring platform', 55, 55, 55, 58, '2025-01-25 09:45:00', '2025-03-30 14:00:00', NULL, '#9933cc'),
(56, 'Feature flagging', 'Feature toggle service', 56, 56, 56, 48, '2024-11-15 12:20:00', '2025-01-10 17:35:00', NULL, '#cc9933'),
(57, 'Time tracking software', 'Developer time management', 57, 57, 57, 38, '2025-02-05 14:55:00', '2025-04-10 10:10:00', NULL, '#33cc33'),
(58, 'Password management', 'Team password vault', 58, 58, 58, 28, '2024-12-28 17:30:00', '2025-03-05 12:45:00', NULL, '#3333cc'),
(59, 'Dependency scanning', 'Security vulnerability scanner', 59, 59, 59, 18, '2025-01-15 10:05:00', '2025-03-20 15:20:00', NULL, '#cc3333'),
(60, 'Code snippets library', 'Reusable code components', 60, 60, 60, 8, '2024-11-20 13:40:00', '2025-01-25 09:55:00', NULL, '#33cccc'),
(61, 'Wireframing tools', 'UI wireframe software', 61, 61, 61, 92, '2025-03-02 15:15:00', '2025-05-05 11:30:00', NULL, '#cccc33'),
(62, 'API documentation', 'API docs generation tools', 62, 62, 62, 82, '2024-12-12 09:50:00', '2025-02-15 14:05:00', NULL, '#cc33cc'),
(63, 'Log management', 'Centralized logging system', 63, 63, 63, 72, '2025-01-30 12:25:00', '2025-04-02 17:40:00', NULL, '#33cc33'),
(64, 'Continuous integration', 'CI server subscription', 64, 64, 64, 62, '2024-11-05 15:00:00', '2025-01-08 10:15:00', NULL, '#cc6633'),
(65, 'Continuous deployment', 'CD pipeline tools', 65, 65, 65, 52, '2025-02-10 17:35:00', '2025-04-15 12:50:00', NULL, '#33cc66'),
(66, 'Database migration', 'Schema migration tools', 66, 66, 66, 42, '2024-12-22 10:10:00', '2025-02-25 15:25:00', NULL, '#6633cc'),
(67, 'Code coverage tools', 'Test coverage analysis', 67, 67, 67, 32, '2025-01-08 13:45:00', '2025-03-12 09:00:00', NULL, '#cc6666'),
(68, 'Mobile UI framework', 'Mobile interface components', 68, 68, 68, 22, '2024-11-30 16:20:00', '2025-01-30 11:35:00', NULL, '#66cc66'),
(69, 'Responsive design tools', 'Cross-device testing tools', 69, 69, 69, 12, '2025-03-20 09:55:00', '2025-05-25 14:10:00', NULL, '#6666cc'),
(70, 'Containerization platform', 'Docker container licenses', 70, 70, 70, 2, '2024-12-05 12:30:00', '2025-02-08 17:45:00', NULL, '#cccc66'),
(71, 'Microservices framework', 'Service mesh platform', 71, 71, 71, 97, '2025-01-18 11:25:00', '2025-03-22 16:40:00', NULL, '#66cc33'),
(72, 'Frontend testing tools', 'UI testing automation', 72, 72, 72, 87, '2024-11-22 14:10:00', '2025-01-28 09:25:00', NULL, '#3366cc'),
(73, 'Backend framework', 'Server-side framework', 73, 73, 73, 77, '2025-02-15 16:55:00', '2025-04-20 11:10:00', NULL, '#cc3366'),
(74, 'Messaging queue system', 'Asynchronous messaging', 74, 74, 74, 67, '2024-12-10 09:30:00', '2025-02-15 14:45:00', NULL, '#33cc66'),
(75, 'Graph database', 'Network data storage', 75, 75, 75, 57, '2025-03-05 12:15:00', '2025-05-10 17:30:00', NULL, '#6633cc'),
(76, 'Machine learning tools', 'AI development platform', 76, 76, 76, 47, '2024-11-28 15:00:00', '2025-01-30 10:15:00', NULL, '#cc6633'),
(77, 'Real-time analytics', 'Stream processing tools', 77, 77, 77, 37, '2025-01-20 17:45:00', '2025-03-25 12:00:00', NULL, '#33cccc'),
(78, 'IoT platform', 'Internet of Things framework', 78, 78, 78, 27, '2024-12-15 10:30:00', '2025-02-18 15:45:00', NULL, '#cccc33'),
(79, 'Blockchain development', 'Distributed ledger tools', 79, 79, 79, 17, '2025-03-10 13:15:00', '2025-05-15 09:30:00', NULL, '#cc33cc'),
(80, 'Augmented reality SDK', 'AR development toolkit', 80, 80, 80, 7, '2024-11-05 16:00:00', '2025-01-10 11:15:00', NULL, '#33cc33'),
(81, 'Virtual reality platform', 'VR development environment', 81, 81, 71, 94, '2025-02-22 09:45:00', '2025-04-25 14:00:00', NULL, '#9966cc'),
(82, 'Voice interface tools', 'Voice recognition system', 82, 82, 72, 84, '2024-12-18 12:30:00', '2025-02-20 17:45:00', NULL, '#cc9966'),
(83, 'Natural language processing', 'NLP algorithm toolkit', 83, 83, 73, 74, '2025-01-10 15:15:00', '2025-03-15 10:30:00', NULL, '#6699cc'),
(84, 'Computer vision tools', 'Image recognition system', 84, 84, 74, 64, '2024-11-15 18:00:00', '2025-01-20 13:15:00', NULL, '#cc6699'),
(85, 'Chatbot framework', 'Conversational AI platform', 85, 85, 75, 54, '2025-03-18 10:45:00', '2025-05-20 15:00:00', NULL, '#99cc66'),
(86, 'Recommendation engine', 'Personalization system', 86, 86, 76, 44, '2024-12-25 13:30:00', '2025-02-28 09:45:00', NULL, '#6699cc'),
(87, 'Predictive analytics', 'Forecasting algorithms', 87, 87, 77, 34, '2025-01-28 16:15:00', '2025-04-02 11:30:00', NULL, '#cc9966'),
(88, 'Sentiment analysis', 'Opinion mining tools', 88, 88, 78, 24, '2024-11-10 19:00:00', '2025-01-15 14:15:00', NULL, '#66cc99'),
(89, 'Fraud detection system', 'Security analytics platform', 89, 89, 79, 14, '2025-03-22 11:45:00', '2025-05-25 16:00:00', NULL, '#9966cc'),
(90, 'Anomaly detection', 'Outlier identification tools', 90, 90, 80, 4, '2024-12-30 14:30:00', '2025-03-05 09:45:00', NULL, '#cc6699'),
(91, 'Robotic process automation', 'Business process automation', 91, 91, 71, 99, '2025-02-05 17:15:00', '2025-04-10 12:30:00', NULL, '#66cc99'),
(92, 'Digital twin platform', 'Virtual modeling system', 92, 92, 72, 89, '2024-11-20 10:00:00', '2025-01-25 15:15:00', NULL, '#9999cc'),
(93, 'Edge computing tools', 'Distributed computing platform', 93, 93, 73, 79, '2025-01-15 12:45:00', '2025-03-20 17:00:00', NULL, '#cc9999'),
(94, 'Quantum computing access', 'Quantum algorithm testing', 94, 94, 74, 69, '2024-12-05 15:30:00', '2025-02-08 10:45:00', NULL, '#99cc99'),
(95, 'Serverless architecture', 'Function-as-a-service platform', 95, 95, 75, 59, '2025-03-25 18:15:00', '2025-05-30 13:30:00', NULL, '#cc99cc'),
(96, 'Progressive web app tools', 'PWA development framework', 96, 96, 76, 49, '2024-11-30 11:00:00', '2025-02-02 16:15:00', NULL, '#9999cc'),
(97, 'Single page app framework', 'SPA development toolkit', 97, 97, 77, 39, '2025-02-12 13:45:00', '2025-04-15 09:00:00', NULL, '#cc9999'),
(98, 'Mobile backend as a service', 'MBaaS platform subscription', 98, 98, 78, 29, '2024-12-08 16:30:00', '2025-02-10 11:45:00', NULL, '#99cc99'),
(99, 'Low-code development', 'Rapid application development', 99, 99, 79, 19, '2025-01-25 19:15:00', '2025-03-30 14:30:00', NULL, '#cc99cc'),
(100, 'No-code platform', 'Visual development environment', 100, 100, 80, 9, '2024-11-12 12:00:00', '2025-01-18 17:15:00', NULL, '#9999cc'); 

INSERT INTO public.tasks (id, title, deadline, description, user_id, activity_id, created_at, updated_at, deleted_at, expense_id, billable, color, is_paid, quantity, status, request_status) VALUES (2, 'Connect to Postgres api', '2025-04-11 00:00:00', 'Connect database', 'auth0|67d992216b97b76f336bfaa5', 153, '2025-05-18 17:09:41.965', '2025-05-19 16:25:00.234', NULL, 1, true, '#FF5733', false, 4, 'DONE', 'APPROVED'),
(4, 'Implement auth API', '2025-04-11 00:00:00', 'Implement auth api', 'auth0|67e177af85bc3d00c9259b50', 152, '2025-05-19 17:16:02.407', '2025-05-21 17:14:01.338', NULL, 2, true, '#33ff41', false, 13, 'DONE', 'APPROVED'),
(5, 'Refactor code', '2025-04-11 00:00:00', 'Refactor', 'auth0|67e17804a2a92ff53f9911c1', 152, '2025-05-19 17:17:22.577', '2025-05-21 17:14:25.182', NULL, 3, true, '#33b1ff', false, 3, 'DONE', 'APPROVED'),
(6, 'A simple task', '2025-04-11 00:00:00', 'A task description', 'auth0|67f67b8e5b7c5d9bbc083877', 152, '2025-05-21 17:16:03.806', '2025-05-21 17:17:15.838', NULL, 4, true, '#FF5733', false, 2, 'DONE', 'APPROVED'),
(3, 'Write unit test', '2025-04-11 00:00:00', 'Demo description', 'auth0|6803de00c180a3420d8451f1', 152, '2025-05-19 16:13:28.059', '2025-05-21 17:22:54.494', NULL, 5, true, '#FF5733', false, 12, 'DONE', 'APPROVED'),
(1, 'Write unit test for Controller', '2025-04-11 00:00:00', 'Write unit test', 'auth0|67d99257463a53ee93784bb3', 152, '2025-05-18 17:08:20.721', '2025-05-22 17:06:55.317', NULL, 6, false, '#FF5733', false, 1, 'DONE', 'APPROVED'),
(7, 'Migrate database', '2025-04-11 00:00:00', 'Migrate MySQL to Postgres SQL ', 'auth0|6803dffac3438da2f9a1d856', 151, '2025-05-26 02:34:16.45', '2025-05-26 02:34:16.45', NULL, 7, true, '#c2f485', false, 4, 'DONE', 'APPROVED'),
(8, 'Test new feature', '2025-06-01 00:00:00', 'Test the new feature', 'auth0|67e17804a2a92ff53f9911c1', 154, '2025-05-22 20:30:00', '2025-05-22 20:30:00', NULL, 8, true, '#ff3380', false, 5, 'DONE', 'APPROVED'),
(9, 'Deploy to production', '2025-06-05 00:00:00', 'Deploy the app', 'auth0|67e441428781d3f24243d71a', 155, '2025-05-22 21:30:00', '2025-05-22 21:30:00', NULL, 9, true, '#33ff80', false, 2, 'DONE', 'APPROVED'),
(10, 'Design user interface mockups', '2025-06-15 00:00:00', 'Create UI mockups for e-commerce platform', 'auth0|67e17804a2a92ff53f9911c1', 156, '2025-05-26 12:00:00', '2025-05-26 12:00:00', NULL, 10, true, '#ff9933', false, 8, 'DONE', 'APPROVED'),
(11, 'Analyze customer purchase patterns', '2025-06-20 00:00:00', 'Analyze data for customer behavior insights', 'auth0|67e177af85bc3d00c9259b50', 157, '2025-05-26 13:00:00', '2025-05-26 13:00:00', NULL, 16, true, '#9933ff', false, 10, 'DONE', 'APPROVED'),
(12, 'Conduct security vulnerability assessment', '2025-06-25 00:00:00', 'Identify security vulnerabilities', 'auth0|67d99257463a53ee93784bb3', 158, '2025-05-26 14:00:00', '2025-05-26 14:00:00', NULL, 27, true, '#33ff99', false, 6, 'DONE', 'APPROVED'),
(13, 'Develop mobile app login screen', '2025-06-30 00:00:00', 'Create login screen for mobile app', 'auth0|67e177daa644c618cb3eb35e', 159, '2025-05-26 15:00:00', '2025-05-26 15:00:00', NULL, 28, true, '#ff3399', false, 7, 'DONE', 'APPROVED'),
(14, 'Setup cloud infrastructure', '2025-07-05 00:00:00', 'Configure cloud services', 'auth0|67e441428781d3f24243d71a', 160, '2025-05-26 16:00:00', '2025-05-26 16:00:00', NULL, 29, true, '#3399ff', false, 9, 'DONE', 'APPROVED'),
(15, 'Create project timeline', '2025-07-10 00:00:00', 'Develop project management timeline', 'auth0|6803de00c180a3420d8451f1', 155, '2025-05-26 17:00:00', '2025-05-26 17:00:00', NULL, 10, true, '#99ff33', false, 4, 'DONE', 'APPROVED'),
(16, 'Design product catalog', '2025-07-15 00:00:00', 'Design e-commerce product catalog', 'auth0|67f67b8e5b7c5d9bbc083877', 156, '2025-05-26 18:00:00', '2025-05-26 18:00:00', NULL, 15, true, '#ff9933', false, 6, 'DONE', 'APPROVED'),
(17, 'Create data visualization dashboard', '2025-07-20 00:00:00', 'Develop interactive data visualizations', 'auth0|67d992216b97b76f336bfaa5', 157, '2025-05-26 19:00:00', '2025-05-26 19:00:00', NULL, 16, true, '#9933ff', false, 8, 'DONE', 'APPROVED'),
(18, 'Implement encryption for sensitive data', '2025-07-25 00:00:00', 'Add encryption to protect user data', 'auth0|6803dffac3438da2f9a1d856', 158, '2025-05-26 20:00:00', '2025-05-26 20:00:00', NULL, 17, true, '#33ff99', false, 5, 'DONE', 'APPROVED'),
(19, 'Develop offline mode for mobile app', '2025-07-30 00:00:00', 'Implement offline functionality', 'auth0|67d991b80f7916d942e25d1d', 159, '2025-05-26 21:00:00', '2025-05-26 21:00:00', NULL, 18, true, '#ff3399', false, 7, 'DONE', 'APPROVED'),
(20, 'Setup automated backups', '2025-08-05 00:00:00', 'Configure cloud backup system', 'auth0|67e441428781d3f24243d71a', 150, '2025-05-26 22:00:00', '2025-05-26 22:00:00', NULL, 19, true, '#3399ff', false, 3, 'DONE', 'APPROVED'),
(21, 'Optimize database queries', '2025-08-10 00:00:00', 'Improve database performance', 'auth0|67d99257463a53ee93784bb3', 151, '2025-05-27 09:00:00', '2025-05-27 09:00:00', NULL, 11, true, '#ff5733', false, 6, 'DONE', 'APPROVED'),
(22, 'Implement payment gateway integration', '2025-08-15 00:00:00', 'Connect to payment processor API', 'auth0|67e17804a2a92ff53f9911c1', 152, '2025-05-27 10:00:00', '2025-05-27 10:00:00', NULL, 15, true, '#33ff41', false, 9, 'DONE', 'APPROVED'),
(23, 'Create user onboarding flow', '2025-08-20 00:00:00', 'Design user onboarding experience', 'auth0|67e177af85bc3d00c9259b50', 13, '2025-05-27 11:00:00', '2025-05-27 11:00:00', NULL, 18, true, '#33b1ff', false, 7, 'DONE', 'APPROVED'),
(24, 'Develop API documentation', '2025-08-25 00:00:00', 'Create comprehensive API docs', 'auth0|67d992216b97b76f336bfaa5', 154, '2025-05-27 12:00:00', '2025-05-27 12:00:00', NULL, 22, true, '#c2f485', false, 8, 'DONE', 'APPROVED'),
(25, 'Implement multi-language support', '2025-09-01 00:00:00', 'Add internationalization', 'auth0|6803de00c180a3420d8451f1', 155, '2025-05-27 13:00:00', '2025-05-27 13:00:00', NULL, 25, true, '#ff9933', false, 10, 'DONE', 'APPROVED'),
(26, 'Setup CI/CD pipeline', '2025-09-05 00:00:00', 'Configure automated deployment', 'auth0|67f67b8e5b7c5d9bbc083877', 156, '2025-05-27 14:00:00', '2025-05-27 14:00:00', NULL, 30, true, '#9933ff', false, 5, 'DONE', 'APPROVED'),
(27, 'Implement user roles and permissions', '2025-09-10 00:00:00', 'Create role-based access control', 'auth0|67e177daa644c618cb3eb35e', 157, '2025-05-27 15:00:00', '2025-05-27 15:00:00', NULL, 33, true, '#33ff99', false, 8, 'DONE', 'APPROVED'),
(28, 'Optimize frontend performance', '2025-09-15 00:00:00', 'Improve page load times', 'auth0|67e441428781d3f24243d71a', 158, '2025-05-27 16:00:00', '2025-05-27 16:00:00', NULL, 35, true, '#ff3399', false, 6, 'DONE', 'APPROVED'),
(29, 'Create analytics dashboard', '2025-09-20 00:00:00', 'Build user analytics interface', 'auth0|6803dffac3438da2f9a1d856', 159, '2025-05-27 17:00:00', '2025-05-27 17:00:00', NULL, 38, true, '#3399ff', false, 7, 'DONE', 'APPROVED'),
(30, 'Implement search functionality', '2025-09-25 00:00:00', 'Add advanced search features', 'auth0|67d991b80f7916d942e25d1d', 160, '2025-05-27 18:00:00', '2025-05-27 18:00:00', NULL, 40, true, '#99ff33', false, 9, 'DONE', 'APPROVED'),
(31, 'Develop email notification system', '2025-10-01 00:00:00', 'Create automated email alerts', 'auth0|67d99257463a53ee93784bb3', 155, '2025-05-28 09:00:00', '2025-05-28 09:00:00', NULL, 42, true, '#ff9933', false, 5, 'DONE', 'APPROVED'),
(32, 'Implement file upload functionality', '2025-10-05 00:00:00', 'Add secure file upload system', 'auth0|67e17804a2a92ff53f9911c1', 150, '2025-05-28 10:00:00', '2025-05-28 10:00:00', NULL, 45, true, '#9933ff', false, 4, 'DONE', 'APPROVED'),
(33, 'Create mobile-responsive design', '2025-10-10 00:00:00', 'Ensure cross-device compatibility', 'auth0|67e177af85bc3d00c9259b50', 155, '2025-05-28 11:00:00', '2025-05-28 11:00:00', NULL, 50, true, '#33ff99', false, 8, 'DONE', 'APPROVED'),
(34, 'Implement real-time notifications', '2025-10-15 00:00:00', 'Add WebSocket notifications', 'auth0|67d992216b97b76f336bfaa5', 150, '2025-05-28 12:00:00', '2025-05-28 12:00:00', NULL, 55, true, '#ff3399', false, 7, 'DONE', 'APPROVED'),
(35, 'Develop reporting module', '2025-10-20 00:00:00', 'Create customizable reports', 'auth0|6803de00c180a3420d8451f1', 145, '2025-05-28 13:00:00', '2025-05-28 13:00:00', NULL, 60, true, '#3399ff', false, 10, 'DONE', 'APPROVED'),
(36, 'Implement social media integration', '2025-10-25 00:00:00', 'Add social sharing features', 'auth0|67f67b8e5b7c5d9bbc083877', 150, '2025-05-28 14:00:00', '2025-05-28 14:00:00', NULL, 65, true, '#99ff33', false, 6, 'DONE', 'APPROVED'),
(37, 'Optimize image APPROVED', '2025-11-01 00:00:00', 'Improve image handling performance', 'auth0|67e177daa644c618cb3eb35e', 155, '2025-05-28 15:00:00', '2025-05-28 15:00:00', NULL, 70, true, '#ff5733', false, 5, 'DONE', 'APPROVED'),
(38, 'Create user feedback system', '2025-11-05 00:00:00', 'Implement feedback collection', 'auth0|67e441428781d3f24243d71a', 160, '2025-05-28 16:00:00', '2025-05-28 16:00:00', NULL, 75, true, '#33ff41', false, 7, 'DONE', 'APPROVED'),
(39, 'Implement caching strategy', '2025-11-10 00:00:00', 'Optimize application caching', 'auth0|6803dffac3438da2f9a1d856', 155, '2025-05-28 17:00:00', '2025-05-28 17:00:00', NULL, 80, true, '#33b1ff', false, 8, 'DONE', 'APPROVED'),
(40, 'Develop admin dashboard', '2025-11-15 00:00:00', 'Create administrative interface', 'auth0|67d991b80f7916d942e25d1d', 160, '2025-05-28 18:00:00', '2025-05-28 18:00:00', NULL, 85, true, '#c2f485', false, 9, 'DONE', 'APPROVED'),
(41, 'Implement two-factor authentication', '2025-11-20 00:00:00', 'Add 2FA security feature', 'auth0|67d99257463a53ee93784bb3', 152, '2025-05-29 09:00:00', '2025-05-29 09:00:00', NULL, 87, true, '#ff9933', false, 6, 'DONE', 'APPROVED'),
(42, 'Develop REST API endpoints', '2025-11-25 00:00:00', 'Create RESTful service endpoints', 'auth0|67e17804a2a92ff53f9911c1', 155, '2025-05-29 10:00:00', '2025-05-29 10:00:00', NULL, 88, true, '#9933ff', false, 8, 'DONE', 'APPROVED'),
(43, 'Implement data export feature', '2025-12-01 00:00:00', 'Create CSV/Excel export functionality', 'auth0|67e177af85bc3d00c9259b50', 157, '2025-05-29 11:00:00', '2025-05-29 11:00:00', NULL, 90, true, '#33ff99', false, 5, 'DONE', 'APPROVED'),
(44, 'Create user activity logs', '2025-12-05 00:00:00', 'Implement audit logging system', 'auth0|67d992216b97b76f336bfaa5', 154, '2025-05-29 12:00:00', '2025-05-29 12:00:00', NULL, 91, true, '#ff3399', false, 7, 'DONE', 'APPROVED'),
(45, 'Optimize database indexes', '2025-12-10 00:00:00', 'Improve query performance with indexes', 'auth0|6803de00c180a3420d8451f1', 152, '2025-05-29 13:00:00', '2025-05-29 13:00:00', NULL, 92, true, '#3399ff', false, 4, 'DONE', 'APPROVED'),
(46, 'Implement password reset flow', '2025-12-15 00:00:00', 'Create secure password recovery', 'auth0|67f67b8e5b7c5d9bbc083877', 155, '2025-05-29 14:00:00', '2025-05-29 14:00:00', NULL, 93, true, '#99ff33', false, 6, 'DONE', 'APPROVED'),
(47, 'Create API rate limiting', '2025-12-20 00:00:00', 'Implement request throttling', 'auth0|67e177daa644c618cb3eb35e', 157, '2025-05-29 15:00:00', '2025-05-29 15:00:00', NULL, 94, true, '#ff5733', false, 5, 'DONE', 'APPROVED'),
(48, 'Develop error logging system', '2025-12-25 00:00:00', 'Create centralized error tracking', 'auth0|67e441428781d3f24243d71a', 88, '2025-05-29 16:00:00', '2025-05-29 16:00:00', NULL, 95, true, '#33ff41', false, 7, 'DONE', 'APPROVED'),
(49, 'Implement content caching', '2025-01-01 00:00:00', 'Add Redis caching layer', 'auth0|6803dffac3438da2f9a1d856', 150, '2025-05-29 17:00:00', '2025-05-29 17:00:00', NULL, 96, true, '#33b1ff', false, 8, 'DONE', 'APPROVED'),
(50, 'Create user preference settings', '2025-01-05 00:00:00', 'Implement user customization options', 'auth0|67d991b80f7916d942e25d1d', 151, '2025-05-29 18:00:00', '2025-05-29 18:00:00', NULL, 97, true, '#c2f485', false, 6, 'DONE', 'APPROVED'),
(51, 'Implement webhook integrations', '2025-01-10 00:00:00', 'Create outgoing webhook system', 'auth0|67d99257463a53ee93784bb3', 152, '2025-05-30 09:00:00', '2025-05-30 09:00:00', NULL, 98, true, '#ff9933', false, 9, 'DONE', 'APPROVED'),
(52, 'Develop printable reports', '2025-01-15 00:00:00', 'Create PDF generation feature', 'auth0|67e17804a2a92ff53f9911c1', 153, '2025-05-30 10:00:00', '2025-05-30 10:00:00', NULL, 99, true, '#9933ff', false, 7, 'DONE', 'APPROVED'),
(53, 'Implement data validation rules', '2025-01-20 00:00:00', 'Create input validation system', 'auth0|67e177af85bc3d00c9259b50', 154, '2025-05-30 11:00:00', '2025-05-30 11:00:00', NULL, 100, true, '#33ff99', false, 5, 'DONE', 'APPROVED'),
(54, 'Create bulk import functionality', '2025-01-25 00:00:00', 'Develop data import system', 'auth0|67d992216b97b76f336bfaa5', 155, '2025-05-30 12:00:00', '2025-05-30 12:00:00', NULL, 21, true, '#ff3399', false, 8, 'DONE', 'APPROVED'),
(55, 'Implement data archiving', '2025-02-01 00:00:00', 'Create data retention system', 'auth0|6803de00c180a3420d8451f1', 156, '2025-05-30 13:00:00', '2025-05-30 13:00:00', NULL, 24, true, '#3399ff', false, 6, 'DONE', 'APPROVED'),
(56, 'Develop custom dashboard widgets', '2025-02-05 00:00:00', 'Create configurable dashboard components', 'auth0|67f67b8e5b7c5d9bbc083877', 157, '2025-05-30 14:00:00', '2025-05-30 14:00:00', NULL, 27, true, '#99ff33', false, 9, 'DONE', 'APPROVED'),
(57, 'Implement browser notifications', '2025-02-10 00:00:00', 'Add push notification support', 'auth0|67e177daa644c618cb3eb35e', 158, '2025-05-30 15:00:00', '2025-05-30 15:00:00', NULL, 29, true, '#ff5733', false, 7, 'DONE', 'APPROVED'),
(58, 'Create user invitation system', '2025-02-15 00:00:00', 'Implement team invitation feature', 'auth0|67e441428781d3f24243d71a', 159, '2025-05-30 16:00:00', '2025-05-30 16:00:00', NULL, 31, true, '#33ff41', false, 5, 'DONE', 'APPROVED'),
(59, 'Develop API versioning strategy', '2025-02-20 00:00:00', 'Implement API version control', 'auth0|6803dffac3438da2f9a1d856', 100, '2025-05-30 17:00:00', '2025-05-30 17:00:00', NULL, 34, true, '#33b1ff', false, 8, 'DONE', 'APPROVED'),
(60, 'Implement single sign-on', '2025-02-25 00:00:00', 'Add SSO authentication', 'auth0|67d991b80f7916d942e25d1d', 151, '2025-05-30 18:00:00', '2025-05-30 18:00:00', NULL, 36, true, '#c2f485', false, 10, 'DONE', 'APPROVED'),
(61, 'Create automated testing suite', '2025-03-01 00:00:00', 'Develop comprehensive test automation', 'auth0|67d99257463a53ee93784bb3', 152, '2025-05-31 09:00:00', '2025-05-31 09:00:00', NULL, 39, true, '#ff9933', false, 12, 'DONE', 'APPROVED'),
(62, 'Implement data visualization charts', '2025-03-05 00:00:00', 'Create interactive chart components', 'auth0|67e17804a2a92ff53f9911c1', 153, '2025-05-31 10:00:00', '2025-05-31 10:00:00', NULL, 41, true, '#9933ff', false, 7, 'DONE', 'APPROVED'),
(63, 'Develop user activity timeline', '2025-03-10 00:00:00', 'Create chronological activity view', 'auth0|67e177af85bc3d00c9259b50', 154, '2025-05-31 11:00:00', '2025-05-31 11:00:00', NULL, 43, true, '#33ff99', false, 6, 'DONE', 'APPROVED'),
(64, 'Implement custom theme support', '2025-03-15 00:00:00', 'Add theming capabilities', 'auth0|67d992216b97b76f336bfaa5', 156, '2025-05-31 12:00:00', '2025-05-31 12:00:00', NULL, 46, true, '#ff3399', false, 8, 'DONE', 'APPROVED'),
(65, 'Create API documentation portal', '2025-03-20 00:00:00', 'Develop interactive API docs', 'auth0|6803de00c180a3420d8451f1', 157, '2025-05-31 13:00:00', '2025-05-31 13:00:00', NULL, 48, true, '#3399ff', false, 9, 'DONE', 'APPROVED'),
(66, 'Implement progressive web app features', '2025-03-25 00:00:00', 'Add PWA capabilities', 'auth0|67f67b8e5b7c5d9bbc083877', 158, '2025-05-31 14:00:00', '2025-05-31 14:00:00', NULL, 51, true, '#99ff33', false, 7, 'DONE', 'APPROVED'),
(67, 'Develop batch APPROVED system', '2025-04-01 00:00:00', 'Create background job APPROVED', 'auth0|67e177daa644c618cb3eb35e', 159, '2025-05-31 15:00:00', '2025-05-31 15:00:00', NULL, 53, true, '#ff5733', false, 8, 'DONE', 'APPROVED'),
(68, 'Implement feature flags', '2025-04-05 00:00:00', 'Create feature toggle system', 'auth0|67e441428781d3f24243d71a', 151, '2025-05-31 16:00:00', '2025-05-31 16:00:00', NULL, 56, true, '#33ff41', false, 6, 'DONE', 'APPROVED'),
(69, 'Create database migration scripts', '2025-04-10 00:00:00', 'Develop schema migration system', 'auth0|6803dffac3438da2f9a1d856', 152, '2025-05-31 17:00:00', '2025-05-31 17:00:00', NULL, 58, true, '#33b1ff', false, 5, 'DONE', 'APPROVED'),
(70, 'Implement multi-tenant architecture', '2025-04-15 00:00:00', 'Create SaaS multi-tenancy support', 'auth0|67d991b80f7916d942e25d1d', 153, '2025-05-31 18:00:00', '2025-05-31 18:00:00', NULL, 61, true, '#c2f485', false, 11, 'DONE', 'APPROVED'),
(71, 'Implement GraphQL API', '2025-04-20 00:00:00', 'Create GraphQL endpoint and resolvers', 'auth0|67d99257463a53ee93784bb3', 154, '2025-06-01 09:00:00', '2025-06-01 09:00:00', NULL, 63, true, '#ff9933', false, 9, 'DONE', 'APPROVED'),
(72, 'Develop microservices architecture', '2025-04-25 00:00:00', 'Create service decomposition plan', 'auth0|67e17804a2a92ff53f9911c1', 156, '2025-06-01 10:00:00', '2025-06-01 10:00:00', NULL, 64, true, '#9933ff', false, 12, 'DONE', 'APPROVED'),
(73, 'Implement A/B testing framework', '2025-05-01 00:00:00', 'Create split testing capabilities', 'auth0|67e177af85bc3d00c9259b50', 157, '2025-06-01 11:00:00', '2025-06-01 11:00:00', NULL, 66, true, '#33ff99', false, 7, 'DONE', 'APPROVED'),
(74, 'Create user segmentation system', '2025-05-05 00:00:00', 'Implement user categorization', 'auth0|67d992216b97b76f336bfaa5', 158, '2025-06-01 12:00:00', '2025-06-01 12:00:00', NULL, 67, true, '#ff3399', false, 6, 'DONE', 'APPROVED'),
(75, 'Develop recommendation engine', '2025-05-10 00:00:00', 'Create personalized content suggestions', 'auth0|6803de00c180a3420d8451f1', 159, '2025-06-01 13:00:00', '2025-06-01 13:00:00', NULL, 68, true, '#3399ff', false, 10, 'DONE', 'APPROVED'),
(76, 'Implement serverless functions', '2025-05-15 00:00:00', 'Create cloud functions', 'auth0|67f67b8e5b7c5d9bbc083877', 141, '2025-06-01 14:00:00', '2025-06-01 14:00:00', NULL, 69, true, '#99ff33', false, 8, 'DONE', 'APPROVED'),
(77, 'Create event-driven architecture', '2025-05-20 00:00:00', 'Implement message queue system', 'auth0|67e177daa644c618cb3eb35e', 42, '2025-06-01 15:00:00', '2025-06-01 15:00:00', NULL, 71, true, '#ff5733', false, 9, 'DONE', 'APPROVED'),
(78, 'Develop machine learning pipeline', '2025-05-25 00:00:00', 'Create ML data APPROVED workflow', 'auth0|67e441428781d3f24243d71a', 153, '2025-06-01 16:00:00', '2025-06-01 16:00:00', NULL, 72, true, '#33ff41', false, 11, 'DONE', 'APPROVED'),
(79, 'Implement content delivery network', '2025-06-01 00:00:00', 'Setup CDN for static assets', 'auth0|6803dffac3438da2f9a1d856', 44, '2025-06-01 17:00:00', '2025-06-01 17:00:00', NULL, 73, true, '#33b1ff', false, 5, 'DONE', 'APPROVED'),
(80, 'Create smart search functionality', '2025-06-05 00:00:00', 'Implement advanced search features', 'auth0|67d991b80f7916d942e25d1d', 156, '2025-06-01 18:00:00', '2025-06-01 18:00:00', NULL, 74, true, '#c2f485', false, 8, 'DONE', 'APPROVED'),
(81, 'Develop chatbot integration', '2025-06-10 00:00:00', 'Create conversational AI interface', 'auth0|67d99257463a53ee93784bb3', 157, '2025-06-02 09:00:00', '2025-06-02 09:00:00', NULL, 76, true, '#ff9933', false, 10, 'DONE', 'APPROVED'),
(82, 'Implement video streaming service', '2025-06-15 00:00:00', 'Create video delivery platform', 'auth0|67e17804a2a92ff53f9911c1', 158, '2025-06-02 10:00:00', '2025-06-02 10:00:00', NULL, 77, true, '#9933ff', false, 12, 'DONE', 'APPROVED'),
(83, 'Create voice recognition system', '2025-06-20 00:00:00', 'Implement speech-to-text functionality', 'auth0|67e177af85bc3d00c9259b50', 49, '2025-06-02 11:00:00', '2025-06-02 11:00:00', NULL, 78, true, '#33ff99', false, 9, 'DONE', 'APPROVED'),
(84, 'Develop IoT device integration', '2025-06-25 00:00:00', 'Create IoT data collection system', 'auth0|67d992216b97b76f336bfaa5', 151, '2025-06-02 12:00:00', '2025-06-02 12:00:00', NULL, 79, true, '#ff3399', false, 7, 'DOING', 'APPROVED'),
(85, 'Implement blockchain ledger', '2025-07-01 00:00:00', 'Create distributed transaction system', 'auth0|6803de00c180a3420d8451f1', 152, '2025-06-02 13:00:00', '2025-06-02 13:00:00', NULL, 81, true, '#3399ff', false, 11, 'DONE', 'APPROVED'),
(86, 'Create augmented reality features', '2025-07-05 00:00:00', 'Implement AR capabilities', 'auth0|67f67b8e5b7c5d9bbc083877', 153, '2025-06-02 14:00:00', '2025-06-02 14:00:00', NULL, 82, true, '#99ff33', false, 8, 'DOING', 'APPROVED'),
(87, 'Develop natural language APPROVED', '2025-07-10 00:00:00', 'Create text analysis system', 'auth0|67e177daa644c618cb3eb35e', 154, '2025-06-02 15:00:00', '2025-06-02 15:00:00', NULL, 83, true, '#ff5733', false, 9, 'DOING', 'APPROVED'),
(88, 'Implement geolocation services', '2025-07-15 00:00:00', 'Create location-based features', 'auth0|67e441428781d3f24243d71a', 156, '2025-06-02 16:00:00', '2025-06-02 16:00:00', NULL, 84, true, '#33ff41', false, 6, 'DONE', 'APPROVED'),
(89, 'Create predictive analytics system', '2025-07-20 00:00:00', 'Implement forecasting algorithms', 'auth0|6803dffac3438da2f9a1d856', 157, '2025-06-02 17:00:00', '2025-06-02 17:00:00', NULL, 86, true, '#33b1ff', false, 10, 'DOING', 'APPROVED'),
(90, 'Develop biometric authentication', '2025-07-25 00:00:00', 'Implement fingerprint/face recognition', 'auth0|67d991b80f7916d942e25d1d', 158, '2025-06-02 18:00:00', '2025-06-02 18:00:00', NULL, 89, true, '#c2f485', false, 7, 'DOING', 'APPROVED'),
(91, 'Create digital signature system', '2025-08-01 00:00:00', 'Implement document signing', 'auth0|67d99257463a53ee93784bb3', 159, '2025-06-03 09:00:00', '2025-06-03 09:00:00', NULL, 2, true, '#ff9933', false, 5, 'DONE', 'APPROVED'),
(92, 'Implement real-time collaboration', '2025-08-05 00:00:00', 'Create multi-user editing features', 'auth0|67e17804a2a92ff53f9911c1', 151, '2025-06-03 10:00:00', '2025-06-03 10:00:00', NULL, 3, true, '#9933ff', true, 8, 'DOING', 'APPROVED'),
(93, 'Develop automated deployment pipeline', '2025-08-10 00:00:00', 'Create continuous delivery system', 'auth0|67e177af85bc3d00c9259b50', 152, '2025-06-03 11:00:00', '2025-06-03 11:00:00', NULL, 4, true, '#33ff99', false, 9, 'DOING', 'APPROVED'),
(94, 'Create data lake architecture', '2025-08-15 00:00:00', 'Implement big data storage', 'auth0|67d992216b97b76f336bfaa5', 153, '2025-06-03 12:00:00', '2025-06-03 12:00:00', NULL, 5, true, '#ff3399', false, 11, 'DONE', 'APPROVED'),
(95, 'Implement customer journey mapping', '2025-08-20 00:00:00', 'Create user flow visualization', 'auth0|6803de00c180a3420d8451f1', 154, '2025-06-03 13:00:00', '2025-06-03 13:00:00', NULL, 6, true, '#3399ff', false, 7, 'DOING', 'APPROVED'),
(96, 'Develop dynamic pricing engine', '2025-08-25 00:00:00', 'Create algorithmic pricing system', 'auth0|67f67b8e5b7c5d9bbc083877', 156, '2025-06-03 14:00:00', '2025-06-03 14:00:00', NULL, 7, true, '#99ff33', false, 8, 'DOING', 'APPROVED'),
(97, 'Create accessibility compliance', '2025-09-01 00:00:00', 'Implement WCAG standards', 'auth0|67e177daa644c618cb3eb35e', 157, '2025-06-03 15:00:00', '2025-06-03 15:00:00', NULL, 8, true, '#ff5733', false, 6, 'DONE', 'APPROVED'),
(98, 'Implement fraud detection system', '2025-09-05 00:00:00', 'Create anomaly detection', 'auth0|67e441428781d3f24243d71a', 158, '2025-06-03 16:00:00', '2025-06-03 16:00:00', NULL, 9, true, '#33ff41', false, 9, 'DOING', 'APPROVED'),
(99, 'Develop subscription billing system', '2025-09-10 00:00:00', 'Create recurring payment handling', 'auth0|6803dffac3438da2f9a1d856', 69, '2025-06-03 17:00:00', '2025-06-03 17:00:00', NULL, 10, true, '#33b1ff', false, 7, 'DOING', 'APPROVED'),
(100, 'Create cross-platform mobile app', '2025-09-15 00:00:00', 'Develop hybrid mobile application', 'auth0|67d991b80f7916d942e25d1d', 151, '2025-06-03 18:00:00', '2025-06-03 18:00:00', NULL, 11, true, '#c2f485', false, 10, 'DONE', 'APPROVED'),
(101, 'Implement payment gateway system', '2025-09-20 00:00:00', 'Create secure payment APPROVED', 'auth0|67d99257463a53ee93784bb3', 150, '2025-06-04 09:00:00', '2025-06-04 09:00:00', NULL, 12, true, '#ff9933', false, 8, 'DOING', 'APPROVED'),
(102, 'Develop cloud migration strategy', '2025-09-25 00:00:00', 'Create infrastructure migration plan', 'auth0|67e17804a2a92ff53f9911c1', 151, '2025-06-04 10:00:00', '2025-06-04 10:00:00', NULL, 13, true, '#9933ff', false, 12, 'DOING', 'APPROVED'),
(103, 'Create containerization solution', '2025-10-01 00:00:00', 'Implement Docker deployment', 'auth0|67e177af85bc3d00c9259b50', 152, '2025-06-04 11:00:00', '2025-06-04 11:00:00', NULL, 14, true, '#33ff99', false, 7, 'DONE', 'APPROVED'),
(104, 'Implement smart contract system', '2025-10-05 00:00:00', 'Create blockchain-based contracts', 'auth0|67d992216b97b76f336bfaa5', 153, '2025-06-04 12:00:00', '2025-06-04 12:00:00', NULL, 15, true, '#ff3399', false, 9, 'DOING', 'APPROVED'),
(105, 'Develop scalable microservices', '2025-10-10 00:00:00', 'Create distributed service architecture', 'auth0|6803de00c180a3420d8451f1', 154, '2025-06-04 13:00:00', '2025-06-04 13:00:00', NULL, 16, true, '#3399ff', false, 11, 'DOING', 'APPROVED'),
(106, 'Create automated testing framework', '2025-10-15 00:00:00', 'Implement CI/CD test automation', 'auth0|67f67b8e5b7c5d9bbc083877', 155, '2025-06-04 14:00:00', '2025-06-04 14:00:00', NULL, 17, true, '#99ff33', false, 6, 'DONE', 'APPROVED'),
(107, 'Implement AI chatbot assistant', '2025-10-20 00:00:00', 'Create intelligent customer service bot', 'auth0|67e177daa644c618cb3eb35e', 156, '2025-06-04 15:00:00', '2025-06-04 15:00:00', NULL, 18, true, '#ff5733', false, 8, 'DOING', 'APPROVED'),
(108, 'Develop real-time analytics dashboard', '2025-10-25 00:00:00', 'Create live data visualization', 'auth0|67e441428781d3f24243d71a', 157, '2025-06-04 16:00:00', '2025-06-04 16:00:00', NULL, 19, true, '#33ff41', false, 10, 'DOING', 'APPROVED'),
(109, 'Create serverless backend architecture', '2025-11-01 00:00:00', 'Implement cloud functions platform', 'auth0|6803dffac3438da2f9a1d856', 158, '2025-06-04 17:00:00', '2025-06-04 17:00:00', NULL, 20, true, '#33b1ff', false, 9, 'DONE', 'APPROVED'),
(110, 'Implement multi-factor authentication', '2025-11-05 00:00:00', 'Create advanced security login', 'auth0|67d991b80f7916d942e25d1d', 159, '2025-06-04 18:00:00', '2025-06-04 18:00:00', NULL, 21, true, '#c2f485', false, 7, 'DOING', 'APPROVED'),
(111, 'Develop mobile app push notifications', '2025-11-10 00:00:00', 'Create real-time notification system', 'auth0|67d99257463a53ee93784bb3', 160, '2025-06-05 09:00:00', '2025-06-05 09:00:00', NULL, 22, true, '#ff9933', false, 5, 'DOING', 'APPROVED'),
(112, 'Create content management system', '2025-11-15 00:00:00', 'Implement flexible CMS platform', 'auth0|67e17804a2a92ff53f9911c1', 150, '2025-06-05 10:00:00', '2025-06-05 10:00:00', NULL, 23, true, '#9933ff', false, 8, 'DONE', 'APPROVED'),
(113, 'Implement user behavior analytics', '2025-11-20 00:00:00', 'Create customer interaction tracking', 'auth0|67e177af85bc3d00c9259b50', 151, '2025-06-05 11:00:00', '2025-06-05 11:00:00', NULL, 24, true, '#33ff99', false, 9, 'DONE', 'APPROVED'),
(114, 'Develop image recognition system', '2025-11-25 00:00:00', 'Create computer vision capabilities', 'auth0|67d992216b97b76f336bfaa5', 152, '2025-06-05 12:00:00', '2025-06-05 12:00:00', NULL, 25, true, '#ff3399', false, 11, 'DONE', 'APPROVED'),
(115, 'Create secure file storage system', '2025-12-01 00:00:00', 'Implement encrypted document storage', 'auth0|6803de00c180a3420d8451f1', 153, '2025-06-05 13:00:00', '2025-06-05 13:00:00', NULL, 26, true, '#3399ff', false, 7, 'DONE', 'APPROVED'),
(116, 'Implement OAuth integration', '2025-12-05 00:00:00', 'Create third-party authentication', 'auth0|67f67b8e5b7c5d9bbc083877', 154, '2025-06-05 14:00:00', '2025-06-05 14:00:00', NULL, 27, true, '#99ff33', false, 6, 'DONE', 'APPROVED'),
(117, 'Develop automated backup system', '2025-12-10 00:00:00', 'Create data disaster recovery', 'auth0|67e177daa644c618cb3eb35e', 155, '2025-06-05 15:00:00', '2025-06-05 15:00:00', NULL, 28, true, '#ff5733', false, 5, 'DONE', 'APPROVED'),
(118, 'Create user satisfaction survey system', '2025-12-15 00:00:00', 'Implement feedback collection', 'auth0|67e441428781d3f24243d71a', 156, '2025-06-05 16:00:00', '2025-06-05 16:00:00', NULL, 29, true, '#33ff41', false, 4, 'DONE', 'APPROVED'),
(119, 'Implement GDPR compliance features', '2025-12-20 00:00:00', 'Create data privacy controls', 'auth0|6803dffac3438da2f9a1d856', 157, '2025-06-05 17:00:00', '2025-06-05 17:00:00', NULL, 30, true, '#33b1ff', false, 8, 'DOING', 'APPROVED'),
(120, 'Develop virtual reality experience', '2025-12-25 00:00:00', 'Create immersive VR application', 'auth0|67d991b80f7916d942e25d1d', 158, '2025-06-05 18:00:00', '2025-06-05 18:00:00', NULL, 31, true, '#c2f485', false, 12, 'DONE', 'APPROVED'),
(121, 'Create voice assistant integration', '2025-01-01 00:00:00', 'Implement Alexa/Google Home support', 'auth0|67d99257463a53ee93784bb3', 159, '2025-06-06 09:00:00', '2025-06-06 09:00:00', NULL, 32, true, '#ff9933', false, 7, 'DONE', 'APPROVED'),
(122, 'Implement document OCR system', '2025-01-05 00:00:00', 'Create text extraction from images', 'auth0|67e17804a2a92ff53f9911c1', 160, '2025-06-06 10:00:00', '2025-06-06 10:00:00', NULL, 33, true, '#9933ff', false, 6, 'DONE', 'APPROVED'),
(123, 'Develop customer loyalty program', '2025-01-10 00:00:00', 'Create rewards system', 'auth0|67e177af85bc3d00c9259b50', 150, '2025-06-06 11:00:00', '2025-06-06 11:00:00', NULL, 34, true, '#33ff99', false, 9, 'DONE', 'APPROVED'),
(124, 'Create multi-currency support', '2025-01-15 00:00:00', 'Implement international payment options', 'auth0|67d992216b97b76f336bfaa5', 151, '2025-06-06 12:00:00', '2025-06-06 12:00:00', NULL, 35, true, '#ff3399', false, 8, 'DONE', 'APPROVED'),
(125, 'Implement advanced search filters', '2025-01-20 00:00:00', 'Create faceted search functionality', 'auth0|6803de00c180a3420d8451f1', 152, '2025-06-06 13:00:00', '2025-06-06 13:00:00', NULL, 36, true, '#3399ff', false, 5, 'DONE', 'APPROVED'),
(126, 'Develop automated content moderation', '2025-01-25 00:00:00', 'Create AI-powered content filtering', 'auth0|67f67b8e5b7c5d9bbc083877', 153, '2025-06-06 14:00:00', '2025-06-06 14:00:00', NULL, 37, true, '#99ff33', false, 10, 'DONE', 'APPROVED'),
(127, 'Create interactive product configurator', '2025-02-01 00:00:00', 'Implement customization tool', 'auth0|67e177daa644c618cb3eb35e', 154, '2025-06-06 15:00:00', '2025-06-06 15:00:00', NULL, 38, true, '#ff5733', false, 7, 'DONE', 'APPROVED'),
(128, 'Implement social media integration', '2025-02-05 00:00:00', 'Create seamless social sharing', 'auth0|67e441428781d3f24243d71a', 155, '2025-06-06 16:00:00', '2025-06-06 16:00:00', NULL, 39, true, '#33ff41', false, 6, 'DONE', 'APPROVED'),
(129, 'Develop data warehousing solution', '2025-02-10 00:00:00', 'Create business intelligence platform', 'auth0|6803dffac3438da2f9a1d856', 156, '2025-06-06 17:00:00', '2025-06-06 17:00:00', NULL, 40, true, '#33b1ff', false, 11, 'DONE', 'APPROVED'),
(130, 'Create automated customer onboarding', '2025-02-15 00:00:00', 'Implement streamlined signup process', 'auth0|67d991b80f7916d942e25d1d', 157, '2025-06-06 18:00:00', '2025-06-06 18:00:00', NULL, 41, true, '#c2f485', false, 8, 'DONE', 'APPROVED'),
(131, 'Implement machine learning model', '2025-02-20 00:00:00', 'Create predictive analytics system', 'auth0|67d99257463a53ee93784bb3', 158, '2025-06-07 09:00:00', '2025-06-07 09:00:00', NULL, 42, true, '#ff9933', false, 11, 'DONE', 'APPROVED'),
(132, 'Develop blockchain integration', '2025-02-25 00:00:00', 'Implement distributed ledger technology', 'auth0|67e17804a2a92ff53f9911c1', 159, '2025-06-07 10:00:00', '2025-06-07 10:00:00', NULL, 43, true, '#9933ff', false, 9, 'DONE', 'APPROVED'),
(133, 'Create quantum computing prototype', '2025-03-01 00:00:00', 'Develop quantum algorithm implementation', 'auth0|67e177af85bc3d00c9259b50', 160, '2025-06-07 11:00:00', '2025-06-07 11:00:00', NULL, 44, true, '#33ff99', false, 12, 'DONE', 'APPROVED'),
(134, 'Implement edge computing system', '2025-03-05 00:00:00', 'Create distributed processing network', 'auth0|67d992216b97b76f336bfaa5', 150, '2025-06-07 12:00:00', '2025-06-07 12:00:00', NULL, 45, true, '#ff3399', false, 8, 'DONE', 'PROCESSING'),
(135, 'Develop progressive web application', '2025-03-10 00:00:00', 'Create mobile-first web experience', 'auth0|6803de00c180a3420d8451f1', 151, '2025-06-07 13:00:00', '2025-06-07 13:00:00', NULL, 46, true, '#3399ff', false, 7, 'DONE', 'PROCESSING'),
(136, 'Create neural network for image analysis', '2025-03-15 00:00:00', 'Implement deep learning vision system', 'auth0|67f67b8e5b7c5d9bbc083877', 152, '2025-06-07 14:00:00', '2025-06-07 14:00:00', NULL, 47, true, '#99ff33', false, 10, 'DONE', 'APPROVED'),
(137, 'Implement internet of things platform', '2025-03-20 00:00:00', 'Create IoT device management system', 'auth0|67e177daa644c618cb3eb35e', 153, '2025-06-07 15:00:00', '2025-06-07 15:00:00', NULL, 48, true, '#ff5733', false, 9, 'DONE', 'PROCESSING'),
(138, 'Develop augmented reality interface', '2025-03-25 00:00:00', 'Create AR mobile application', 'auth0|67e441428781d3f24243d71a', 154, '2025-06-07 16:00:00', '2025-06-07 16:00:00', NULL, 49, true, '#33ff41', false, 11, 'DONE', 'APPROVED'),
(139, 'Create digital twin simulation', '2025-04-01 00:00:00', 'Implement virtual system modeling', 'auth0|6803dffac3438da2f9a1d856', 155, '2025-06-07 17:00:00', '2025-06-07 17:00:00', NULL, 50, true, '#33b1ff', false, 8, 'DONE', 'APPROVED'),
(140, 'Implement robotic process automation', '2025-04-05 00:00:00', 'Create workflow automation system', 'auth0|67d991b80f7916d942e25d1d', 156, '2025-06-07 18:00:00', '2025-06-07 18:00:00', NULL, 51, true, '#c2f485', false, 6, 'DONE', 'APPROVED'),
(141, 'Develop cloud-native architecture', '2025-04-10 00:00:00', 'Create containerized microservices', 'auth0|67d99257463a53ee93784bb3', 157, '2025-06-08 09:00:00', '2025-06-08 09:00:00', NULL, 52, true, '#ff9933', false, 9, 'DOING', 'APPROVED'),
(142, 'Create zero-trust security model', '2025-04-15 00:00:00', 'Implement comprehensive security framework', 'auth0|67e17804a2a92ff53f9911c1', 158, '2025-06-08 10:00:00', '2025-06-08 10:00:00', NULL, 53, true, '#9933ff', false, 7, 'DONE', 'APPROVED'),
(143, 'Implement voice recognition system', '2025-04-20 00:00:00', 'Create speech APPROVED interface', 'auth0|67e177af85bc3d00c9259b50', 159, '2025-06-08 11:00:00', '2025-06-08 11:00:00', NULL, 54, true, '#33ff99', false, 5, 'DOING', 'APPROVED'),
(144, 'Develop sentiment analysis engine', '2025-04-25 00:00:00', 'Create emotion detection system', 'auth0|67d992216b97b76f336bfaa5', 160, '2025-06-08 12:00:00', '2025-06-08 12:00:00', NULL, 55, true, '#ff3399', false, 8, 'DOING', 'APPROVED'),
(145, 'Create continuous integration pipeline', '2025-05-01 00:00:00', 'Implement automated testing workflow', 'auth0|6803de00c180a3420d8451f1', 150, '2025-06-08 13:00:00', '2025-06-08 13:00:00', NULL, 56, true, '#3399ff', false, 6, 'DONE', 'APPROVED'),
(146, 'Implement serverless data APPROVED', '2025-05-05 00:00:00', 'Create event-driven architecture', 'auth0|67f67b8e5b7c5d9bbc083877', 151, '2025-06-08 14:00:00', '2025-06-08 14:00:00', NULL, 57, true, '#99ff33', false, 9, 'DOING', 'APPROVED'),
(147, 'Develop cybersecurity framework', '2025-05-10 00:00:00', 'Create threat detection system', 'auth0|67e177daa644c618cb3eb35e', 152, '2025-06-08 15:00:00', '2025-06-08 15:00:00', NULL, 58, true, '#ff5733', false, 10, 'DOING', 'APPROVED'),
(148, 'Create virtualization platform', '2025-05-15 00:00:00', 'Implement cloud virtualization system', 'auth0|67e441428781d3f24243d71a', 153, '2025-06-08 16:00:00', '2025-06-08 16:00:00', NULL, 59, true, '#33ff41', false, 7, 'DONE', 'APPROVED'),
(149, 'Implement natural language generation', '2025-05-20 00:00:00', 'Create automated content writing system', 'auth0|6803dffac3438da2f9a1d856', 154, '2025-06-08 17:00:00', '2025-06-08 17:00:00', NULL, 60, true, '#33b1ff', false, 8, 'DOING', 'APPROVED'),
(150, 'Develop autonomous decision system', '2025-05-25 00:00:00', 'Create AI-powered decision making', 'auth0|67d991b80f7916d942e25d1d', 155, '2025-06-08 18:00:00', '2025-06-08 18:00:00', NULL, 61, true, '#c2f485', false, 11, 'DOING', 'APPROVED'),
(151, 'Create enterprise resource planning system', '2025-06-01 00:00:00', 'Implement comprehensive ERP solution', 'auth0|67d99257463a53ee93784bb3', 156, '2025-06-09 09:00:00', '2025-06-09 09:00:00', NULL, 62, true, '#ff9933', false, 13, 'DONE', 'APPROVED'),
(152, 'Implement customer relationship management', '2025-06-05 00:00:00', 'Create CRM platform', 'auth0|67e17804a2a92ff53f9911c1', 157, '2025-06-09 10:00:00', '2025-06-09 10:00:00', NULL, 63, true, '#9933ff', false, 9, 'DOING', 'APPROVED'),
(153, 'Develop advanced database optimization', '2025-06-10 00:00:00', 'Create high-performance data storage', 'auth0|67e177af85bc3d00c9259b50', 158, '2025-06-09 11:00:00', '2025-06-09 11:00:00', NULL, 64, true, '#33ff99', false, 8, 'DOING', 'APPROVED'),
(154, 'Create supply chain management system', '2025-06-15 00:00:00', 'Implement logistics tracking platform', 'auth0|67d992216b97b76f336bfaa5', 159, '2025-06-09 12:00:00', '2025-06-09 12:00:00', NULL, 65, true, '#ff3399', false, 10, 'DONE', 'APPROVED'),
(155, 'Implement business intelligence dashboard', '2025-06-20 00:00:00', 'Create data visualization platform', 'auth0|6803de00c180a3420d8451f1', 160, '2025-06-09 13:00:00', '2025-06-09 13:00:00', NULL, 66, true, '#3399ff', false, 7, 'DOING', 'APPROVED'),
(156, 'Develop facial recognition system', '2025-06-25 00:00:00', 'Create biometric identification platform', 'auth0|67f67b8e5b7c5d9bbc083877', 150, '2025-06-09 14:00:00', '2025-06-09 14:00:00', NULL, 67, true, '#99ff33', false, 9, 'DOING', 'PROCESSING'),
(157, 'Create content delivery network', '2025-07-01 00:00:00', 'Implement global CDN architecture', 'auth0|67e177daa644c618cb3eb35e', 151, '2025-06-09 15:00:00', '2025-06-09 15:00:00', NULL, 68, true, '#ff5733', false, 6, 'DONE', 'APPROVED'),
(158, 'Implement anomaly detection system', '2025-07-05 00:00:00', 'Create AI-based monitoring platform', 'auth0|67e441428781d3f24243d71a', 152, '2025-06-09 16:00:00', '2025-06-09 16:00:00', NULL, 69, true, '#33ff41', false, 8, 'DOING', 'PROCESSING'),
(159, 'Develop geographic information system', '2025-07-10 00:00:00', 'Create location-based data platform', 'auth0|6803dffac3438da2f9a1d856', 153, '2025-06-09 17:00:00', '2025-06-09 17:00:00', NULL, 70, true, '#33b1ff', false, 7, 'DOING', 'PROCESSING'),
(160, 'Create recommendation engine system', '2025-07-15 00:00:00', 'Implement personalized suggestions algorithm', 'auth0|67d991b80f7916d942e25d1d', 154, '2025-06-09 18:00:00', '2025-06-09 18:00:00', NULL, 71, true, '#c2f485', false, 10, 'DONE', 'APPROVED');


INSERT INTO public.requests VALUES (10, 'Start tracking for task: Implement business intelligence dashboard', 'START_TIMESHEET', 'PROCESSING', 20, 'auth0|67d99257463a53ee93784bb3', 8, '{"id": 20, "status": "running", "task_id": 155, "user_id": "auth0|67d99257463a53ee93784bb3", "duration": null, "end_time": null, "username": null, "created_at": "2025-05-31T15:16:46.499Z", "deleted_at": null, "project_id": 129, "start_time": "2025-05-31T15:16:46.499Z", "updated_at": "2025-05-31T15:16:46.499Z", "activity_id": 160, "description": "Description about your task here", "request_status": "PROCESSING"}', '{}', '2025-05-31 15:16:46.525', '2025-05-31 15:16:46.525', NULL),
(14, 'Start tracking for task: Implement business intelligence dashboard', 'START_TIMESHEET', 'APPROVED', 24, 'auth0|67d99257463a53ee93784bb3', 8, '{"id": 24, "status": "running", "task_id": 155, "user_id": "auth0|67d99257463a53ee93784bb3", "duration": null, "end_time": null, "username": null, "created_at": "2025-05-31T15:17:15.175Z", "deleted_at": null, "project_id": 129, "start_time": "2025-05-31T15:17:15.175Z", "updated_at": "2025-05-31T15:17:15.175Z", "activity_id": 160, "description": "Description about your task here", "request_status": "PROCESSING"}', '{}', '2025-05-31 15:17:15.21', '2025-05-31 15:17:30.671', NULL),
(11, 'Start tracking for task: Develop advanced database optimization', 'START_TIMESHEET', 'APPROVED', 21, 'auth0|67d99257463a53ee93784bb3', 3, '{"id": 21, "status": "running", "task_id": 153, "user_id": "auth0|67d99257463a53ee93784bb3", "duration": null, "end_time": null, "username": null, "created_at": "2025-05-31T15:16:53.922Z", "deleted_at": null, "project_id": 127, "start_time": "2025-05-31T15:16:53.922Z", "updated_at": "2025-05-31T15:16:53.922Z", "activity_id": 158, "description": "Description about your task here", "request_status": "PROCESSING"}', '{}', '2025-05-31 15:16:53.948', '2025-05-31 15:17:32.754', NULL),
(13, 'Start tracking for task: Create enterprise resource planning system', 'START_TIMESHEET', 'APPROVED', 23, 'auth0|67d99257463a53ee93784bb3', 10, '{"id": 23, "status": "running", "task_id": 151, "user_id": "auth0|67d99257463a53ee93784bb3", "duration": null, "end_time": null, "username": null, "created_at": "2025-05-31T15:17:06.869Z", "deleted_at": null, "project_id": 129, "start_time": "2025-05-31T15:17:06.869Z", "updated_at": "2025-05-31T15:17:06.869Z", "activity_id": 156, "description": "Description about your task here", "request_status": "PROCESSING"}', '{}', '2025-05-31 15:17:06.891', '2025-05-31 15:17:35.242', NULL),
(9, 'Start tracking for task: Create supply chain management system', 'START_TIMESHEET', 'APPROVED', 19, 'auth0|67d99257463a53ee93784bb3', 9, '{"id": 19, "status": "running", "task_id": 154, "user_id": "auth0|67d99257463a53ee93784bb3", "duration": null, "end_time": null, "username": null, "created_at": "2025-05-31T15:16:39.708Z", "deleted_at": null, "project_id": 123, "start_time": "2025-05-31T15:16:39.708Z", "updated_at": "2025-05-31T15:16:39.708Z", "activity_id": 159, "description": "Description about your task here", "request_status": "PROCESSING"}', '{}', '2025-05-31 15:16:39.732', '2025-05-31 15:17:37.526', NULL),
(6, 'Start tracking for task: Implement anomaly detection system', 'START_TIMESHEET', 'APPROVED', 16, 'auth0|67d99257463a53ee93784bb3', 1, '{"id": 16, "status": "running", "task_id": 158, "user_id": "auth0|67d99257463a53ee93784bb3", "duration": null, "end_time": null, "username": null, "created_at": "2025-05-31T15:16:15.551Z", "deleted_at": null, "project_id": 121, "start_time": "2025-05-31T15:16:15.551Z", "updated_at": "2025-05-31T15:16:15.551Z", "activity_id": 152, "description": "Description about your task here", "request_status": "PROCESSING"}', '{}', '2025-05-31 15:16:15.578', '2025-05-31 15:17:39.46', NULL),
(8, 'Start tracking for task: Develop facial recognition system', 'START_TIMESHEET', 'APPROVED', 18, 'auth0|67d99257463a53ee93784bb3', 14, '{"id": 18, "status": "running", "task_id": 156, "user_id": "auth0|67d99257463a53ee93784bb3", "duration": null, "end_time": null, "username": null, "created_at": "2025-05-31T15:16:30.423Z", "deleted_at": null, "project_id": 127, "start_time": "2025-05-31T15:16:30.423Z", "updated_at": "2025-05-31T15:16:30.423Z", "activity_id": 150, "description": "Description about your task here", "request_status": "PROCESSING"}', '{}', '2025-05-31 15:16:30.448', '2025-05-31 15:17:42.047', NULL),
(7, 'Start tracking for task: Create content delivery network', 'START_TIMESHEET', 'APPROVED', 17, 'auth0|67d99257463a53ee93784bb3', 3, '{"id": 17, "status": "running", "task_id": 157, "user_id": "auth0|67d99257463a53ee93784bb3", "duration": null, "end_time": null, "username": null, "created_at": "2025-05-31T15:16:23.385Z", "deleted_at": null, "project_id": 123, "start_time": "2025-05-31T15:16:23.385Z", "updated_at": "2025-05-31T15:16:23.385Z", "activity_id": 151, "description": "Description about your task here", "request_status": "PROCESSING"}', '{}', '2025-05-31 15:16:23.406', '2025-05-31 15:17:47.156', NULL),
(12, 'Start tracking for task: Implement customer relationship management', 'START_TIMESHEET', 'APPROVED', 22, 'auth0|67d99257463a53ee93784bb3', 2, '{"id": 22, "status": "running", "task_id": 152, "user_id": "auth0|67d99257463a53ee93784bb3", "duration": null, "end_time": null, "username": null, "created_at": "2025-05-31T15:17:00.145Z", "deleted_at": null, "project_id": 122, "start_time": "2025-05-31T15:17:00.145Z", "updated_at": "2025-05-31T15:17:00.145Z", "activity_id": 157, "description": "Description about your task here", "request_status": "PROCESSING"}', '{}', '2025-05-31 15:17:00.176', '2025-05-31 15:17:49.411', NULL),
(5, 'Start tracking for task: Develop geographic information system', 'START_TIMESHEET', 'APPROVED', 15, 'auth0|67d99257463a53ee93784bb3', 5, '{"id": 15, "status": "running", "task_id": 159, "user_id": "auth0|67d99257463a53ee93784bb3", "duration": null, "end_time": null, "username": null, "created_at": "2025-05-31T15:16:01.696Z", "deleted_at": null, "project_id": 127, "start_time": "2025-05-31T15:16:01.696Z", "updated_at": "2025-05-31T15:16:01.696Z", "activity_id": 153, "description": "Description about your task here", "request_status": "PROCESSING"}', '{}', '2025-05-31 15:16:01.732', '2025-05-31 15:17:52.86', NULL),
(4, 'Start tracking for task: Create recommendation engine system', 'START_TIMESHEET', 'APPROVED', 14, 'auth0|67d99257463a53ee93784bb3', 7, '{"id": 14, "status": "running", "task_id": 160, "user_id": "auth0|67d99257463a53ee93784bb3", "duration": null, "end_time": null, "username": null, "created_at": "2025-05-31T15:15:45.160Z", "deleted_at": null, "project_id": 121, "start_time": "2025-05-31T15:15:45.160Z", "updated_at": "2025-05-31T15:15:45.160Z", "activity_id": 154, "description": "Description about your task here", "request_status": "PROCESSING"}', '{}', '2025-05-31 15:15:45.196', '2025-05-31 15:18:04.212', NULL);
